﻿<?xml version="1.0" encoding="UTF-8" standalone="yes"?>
<country>
	<country name="Afghanistan" fips="AF" Region="South Asia" />
	<country name="Akrotiri" fips="AX" Region="Europe" />
	<country name="Albania" fips="AL" Region="Europe" />
	<country name="Algeria" fips="AG" Region="Africa" />
	<country name="American Samoa" fips="AQ" Region="Oceania" />
	<country name="Andorra" fips="AN" Region="Europe" />
	<country name="Angola" fips="AO" Region="Africa" />
	<country name="Anguilla" fips="AV" Region="Central America" />
	<country name="Antarctica" fips="AY" Region="Antarctica" />
	<country name="Antigua and Barbuda" fips="AC" Region="Central America" />
	<country name="Argentina" fips="AR" Region="South America" />
	<country name="Armenia" fips="AM" Region="Middle East" />
	<country name="Aruba" fips="AA" Region="Central America" />
	<country name="Ashmore and Cartier Islands" fips="AT" Region="Oceania" />
	<country name="Australia" fips="AS" Region="Oceania" />
	<country name="Austria" fips="AU" Region="Europe" />
	<country name="Azerbaijan" fips="AJ" Region="Middle East" />
	<country name="Bahamas, The" fips="BF" Region="Central America" />
	<country name="Bahrain" fips="BA" Region="Middle East" />
	<country name="Baker Island" fips="FQ" Region="Oceania" />
	<country name="Bangladesh" fips="BG" Region="South Asia" />
	<country name="Barbados" fips="BB" Region="Central America" />
	<country name="Belarus" fips="BO" Region="Europe" />
	<country name="Belgium" fips="BE" Region="Europe" />
	<country name="Belize" fips="BH" Region="Central America" />
	<country name="Benin" fips="BN" Region="Africa" />
	<country name="Bermuda" fips="BD" Region="North America" />
	<country name="Bhutan" fips="BT" Region="South Asia" />
	<country name="Bolivia" fips="BL" Region="South America" />
	<country name="Bosnia and Herzegovina" fips="BK" Region="Europe" />
	<country name="Botswana" fips="BC" Region="Africa" />
	<country name="Bouvet Island" fips="BV" Region="Antarctica" />
	<country name="Brazil" fips="BR" Region="South America" />
	<country name="British Indian Ocean Territory" fips="IO" Region="South Asia" />
	<country name="British Virgin Islands" fips="VI" Region="Central America" />
	<country name="Brunei" fips="BX" Region="East Asia" />
	<country name="Bulgaria" fips="BU" Region="Europe" />
	<country name="Burkina Faso" fips="UV" Region="Africa" />
	<country name="Burma" fips="BM" Region="East Asia" />
	<country name="Burundi" fips="BY" Region="Africa" />
	<country name="Cambodia" fips="CB" Region="East Asia" />
	<country name="Cameroon" fips="CM" Region="Africa" />
	<country name="Canada" fips="CA" Region= "North America" />
	<country name="Cape Verde" fips="CV" Region="Africa" />
	<country name="Cayman Islands" fips="CJ" Region="Central America" />
	<country name="Central African Republic" fips="CT" Region="Africa" />
	<country name="Chad" fips="CD" Region="Africa" />
	<country name="Chile" fips="CI" Region="South America" />
	<country name="China" fips="CH" Region="East Asia" />
	<country name="Christmas Island" fips="KT" Region="Oceania" />
	<country name="Clipperton Island" fips="IP" Region="North America" />
	<country name="Cocos (Keeling) Islands" fips="CK" Region="Oceania" />
	<country name="Colombia" fips="CO" Region="South America" />
	<country name="Comoros" fips="CN" Region="Africa" />
	<country name="Congo, Democratic Republic of the" fips="CG" Region="Africa" />
	<country name="Congo, Republic of the" fips="CF" Region="Africa" />
	<country name="Cook Islands" fips="CW" Region="Oceania" />
	<country name="Coral Sea Islands" fips="CR" Region="Oceania" />
	<country name="Costa Rica" fips="CS" Region="Central America" />
	<country name="Croatia" fips="HR" Region="Europe" />
	<country name="Cuba" fips="CU" Region="Central America" />
	<country name="Curacao" fips="CC" Region="Central America" />   <!--added to list -->
	<country name="Cyprus" fips="CY" Region="Europe" />
	<country name="Czech Republic" fips="EZ" Region="Europe" />
	<country name="Cote d'Ivoire" fips="IV" Region="Africa" />
	<country name="Denmark" fips="DA" Region="Europe" />
	<country name="Dhekelia" fips="DX" Region="Europe" />
	<country name="Djibouti" fips="DJ" Region="Africa" />
	<country name="Dominica" fips="DO" Region="Central America" />
	<country name="Dominican Republic" fips="DR" Region="Central America" />
	<country name="Ecuador" fips="EC" Region="South America" />
	<country name="Egypt" fips="EG" Region="Africa" />
	<country name="El Salvador" fips="ES" Region="Central America" />
	<country name="Equatorial Guinea" fips="EK" Region="Africa" />
	<country name="Eritrea" fips="ER" Region="Africa" />
	<country name="Estonia" fips="EN" Region="Europe" />
	<country name="Ethiopia" fips="ET" Region="Africa" />
	<country name="European Union" fips="EE" Region="Europe" />
	<country name="Falkland Islands (Islas Malvinas)" fips="FK" Region="South America" />
	<country name="Faroe Islands" fips="FO" Region="Europe" />
	<country name="Fiji" fips="FJ" Region="Oceania" />
	<country name="Finland" fips="FI" Region="Europe" />
	<country name="France" fips="FR" Region="Europe" />
	<country name="French Guiana (France)" fips="FG" Region="South America" />
	<country name="French Polynesia" fips="FP" Region="Oceania" />
	<country name="French Southern and Antarctic Lands" fips="FS" Region="Antarctica" />
	<country name="Gabon" fips="GB" Region="Africa" />
	<country name="Gambia, The" fips="GA" Region="Africa" />
	<country name="Gaza Strip" fips="GZ" Region="Middle East" />
	<country name="Georgia" fips="GG" Region="Middle East" />
	<country name="Germany" fips="GM" Region="Europe" />
	<country name="Ghana" fips="GH" Region="Africa" />
	<country name="Gibraltar" fips="GI" Region="Europe" />
	<country name="Greece" fips="GR" Region="Europe" />
	<country name="Greenland" fips="GL" Region="North America" />
	<country name="Grenada" fips="GJ" Region="Central America" />
	<country name="Guam" fips="GQ" Region="Oceania" />
	<country name="Guatemala" fips="GT" Region="Central America" />
	<country name="Guernsey" fips="GK" Region="Europe" />
	<country name="Guinea" fips="GV" Region="Africa" />
	<country name="Guinea-Bissau" fips="PU" Region="Africa" />
	<country name="Guyana" fips="GY" Region="South America" />
	<country name="Haiti" fips="HA" Region="Central America" />
	<country name="Heard Island and McDonald Is" fips="HM" Region="Antarctica" />
	<country name="Holy See (Vatican City)" fips="VT" Region="Europe" />
	<country name="Honduras" fips="HO" Region="Central America" />
	<country name="Hong Kong" fips="HK" Region="East Asia" />
	<country name="Howland Island" fips="HQ" Region="Oceania" />
	<country name="Hungary" fips="HU" Region="Europe" />
	<country name="Iceland" fips="IC" Region="Europe" />
	<country name="India" fips="IN" Region="South Asia" />
	<country name="Indonesia" fips="ID" Region="East Asia" />
	<country name="Iran" fips="IR" Region="Middle East" />
	<country name="Iraq" fips="IZ" Region="Middle East" />
	<country name="Ireland" fips="EI" Region="Europe" />
	<country name="Isle of Man" fips="IM" Region="Europe" />
	<country name="Israel" fips="IS" Region="Middle East" />
	<country name="Italy" fips="IT" Region="Europe" />
	<country name="Jamaica" fips="JM" Region="Central America" />
	<country name="Jan Mayen" fips="JN" Region="Europe" />
	<country name="Japan" fips="JA" Region="East Asia" />
	<country name="Jarvis Island" fips="DQ" Region="Oceania" />
	<country name="Jersey" fips="JE" Region="Europe" />
	<country name="Johnston Atoll" fips="JQ" Region="Oceania" />
	<country name="Jordan" fips="JO" Region="Middle East" />
	<country name="Kazakhstan" fips="KZ" Region="Central Asia" />
	<country name="Kenya" fips="KE" Region="Africa" />
	<country name="Kingman Reef" fips="KQ" Region="Oceania" />
	<country name="Kiribati" fips="KR" Region="Oceania" />
	<country name="Korea, North" fips="KN" Region="East Asia" />
	<country name="Korea, South" fips="KS" Region="East Asia" />
	<country name="Kosovo" fips="KV" Region="Europe" />
	<country name="Kuwait" fips="KU" Region="Middle East" />
	<country name="Kyrgyzstan" fips="KG" Region="Central Asia" />
	<country name="Laos" fips="LA" Region="East Asia" />
	<country name="Latvia" fips="LG" Region="Europe" />
	<country name="Lebanon" fips="LE" Region="Middle East" />
	<country name="Lesotho" fips="LT" Region="Africa" />
	<country name="Liberia" fips="LI" Region="Africa" />
	<country name="Libya" fips="LY" Region="Africa" />
	<country name="Liechtenstein" fips="LS" Region="Europe" />
	<country name="Lithuania" fips="LH" Region="Europe" />
	<country name="Luxembourg" fips="LU" Region="Europe" />
	<country name="Macau" fips="MC" Region="East Asia" />
	<country name="Macedonia" fips="MK" Region="Europe" />
	<country name="Madagascar" fips="MA" Region="Africa" />
	<country name="Malawi" fips="MI" Region="Africa" />
	<country name="Malaysia" fips="MY" Region="East Asia" />
	<country name="Maldives" fips="MV" Region="South Asia" />
	<country name="Mali" fips="ML" Region="Africa" />
	<country name="Malta" fips="MT" Region="Europe" />
	<country name="Marshall Islands" fips="RM" Region="Oceania" />
	<country name="Mauritania" fips="MR" Region="Africa" />
	<country name="Mauritius" fips="MP" Region="Africa" />
	<country name="Mayotte" fips="MF" Region="Africa" />
	<country name="Mexico" fips="MX" Region="North America" />
	<country name="Micronesia, Federated States of" fips="FM" Region="Oceania" />
	<country name="Midway Islands" fips="MQ" Region="Oceania" />
	<country name="Moldova" fips="MD" Region="Europe" />
	<country name="Monaco" fips="MN" Region="Europe" />
	<country name="Mongolia" fips="MG" Region="East Asia" />
	<country name="Montenegro" fips="MJ" Region="Europe" />
	<country name="Montserrat" fips="MH" Region="Central America" />
	<country name="Morocco" fips="MO" Region="Africa" />
	<country name="Mozambique" fips="MZ" Region="Africa" />
	<country name="Namibia" fips="WA" Region="Africa" />
	<country name="Nauru" fips="NR" Region="Oceania" />
	<country name="Navassa Island" fips="BQ" Region="Central America" />
	<country name="Nepal" fips="NP" Region="South Asia" />
	<country name="Netherlands" fips="NL" Region="Europe" />
<!--	<country name="Netherlands Antilles" fips="NT" Region="Central America" />--> <!-- removed per Dennis -->
	<country name="New Caledonia" fips="NC" Region="Oceania" />
	<country name="New Zealand" fips="NZ" Region="Oceania" />
	<country name="Nicaragua" fips="NU" Region="Central America" />
	<country name="Niger" fips="NG" Region="Africa" />
	<country name="Nigeria" fips="NI" Region="Africa" />
	<country name="Niue" fips="NE" Region="Oceania" />
	<country name="No Man's Land" fips="NM" Region="" />
	<country name="Norfolk Island" fips="NF" Region="Oceania" />
	<country name="Northern Mariana Islands" fips="CQ" Region="Oceania" />
	<country name="Norway" fips="NO" Region="Europe" />
	<country name="Oceans" fips="OS" Region="" />
	<country name="Oman" fips="MU" Region="Middle East" />
	<country name="Pakistan" fips="PK" Region="South Asia" />
	<country name="Palau" fips="PS" Region="Oceania" />
	<country name="Palmyra Atoll" fips="LQ" Region="Oceania" />
	<country name="Panama" fips="PM" Region="Central America" />
	<country name="Papua New Guinea" fips="PP" Region="East Asia" />
	<country name="Paracel Islands" fips="PF" Region="East Asia" />
	<country name="Paraguay" fips="PA" Region="South America" />
	<country name="Peru" fips="PE" Region="South America" />
	<country name="Philippines" fips="RP" Region="East Asia" />
	<country name="Pitcairn Islands" fips="PC" Region="Oceania" />
	<country name="Poland" fips="PL" Region="Europe" />
	<country name="Portugal" fips="PO" Region="Europe" />
	<country name="Puerto Rico" fips="RQ" Region="Central America" />
	<country name="Qatar" fips="QA" Region="Middle East" />
	<country name="Romania" fips="RO" Region="Europe" />
	<country name="Russia" fips="RS" Region="Central Asia" />
	<country name="Rwanda" fips="RW" Region="Africa" />
	<country name="Saint Barthelemy" fips="TB" Region="Central America" />
	<country name="Saint Helena, Ascension and Tristan da Cunha" fips="SH" Region="Africa" />
	<country name="Saint Kitts and Nevis" fips="SC" Region="Central America" />
	<country name="Saint Lucia" fips="ST" Region="Central America" />
	<country name="Saint Martin" fips="RN" Region="Central America" />
	<country name="Saint Pierre and Miquelon" fips="SB" Region="North America" />
	<country name="Saint Vincent and the Grenadines" fips="VC" Region="Central America" />
	<country name="Samoa" fips="WS" Region="Oceania" />
	<country name="San Marino" fips="SM" Region="Europe" />
	<country name="Sao Tome and Principe" fips="TP" Region="Africa" />
	<country name="Saudi Arabia" fips="SA" Region="Middle East" />
	<country name="Senegal" fips="SG" Region="Africa" /> 
	<country name="Serbia" fips="RI" Region="Europe" /> 
	<country name="Seychelles" fips="SE" Region="Africa" />
	<country name="Sierra Leone" fips="SL" Region="Africa" />
	<country name="Sint Maarten" fips="SK" Region="Central America" />	
	<country name="Singapore" fips="SN" Region="East Asia" />
	<country name="Slovakia" fips="LO" Region="Europe" />
	<country name="Slovenia" fips="SI" Region="Europe" />
	<country name="Solomon Islands" fips="BP" Region="Oceania" />
	<country name="Somalia" fips="SO" Region="Africa" />
	<country name="South Africa" fips="SF" Region="Africa" />
	<country name="South Georgia and South Sandwich Islands" fips="SX" Region="South America" />
	<country name="South Sudan" fips="OD" Region = "Africa" />
	<country name="Spain" fips="SP" Region="Europe" />
	<country name="Spratly Islands" fips="PG" Region="East Asia" />
	<country name="Sri Lanka" fips="CE" Region="South Asia" />
	<country name="Sudan" fips="SU" Region="Africa" />
	<country name="Suriname" fips="NS" Region="South America" />
	<country name="Svalbard" fips="SV" Region="Europe" />
	<country name="Swaziland" fips="WZ" Region="Africa" />
	<country name="Sweden" fips="SW" Region="Europe" />
	<country name="Switzerland" fips="SZ" Region="Europe" /> 
	<country name="Syria" fips="SY" Region="Middle East" />
	<country name="Taiwan" fips="TW" Region="East Asia" />
	<country name="Tajikistan" fips="TI" Region="Central Asia" />
	<country name="Tanzania" fips="TZ" Region="Africa" />
	<country name="Thailand" fips="TH" Region="East Asia" />	
	<country name="Timor-Leste" fips="TT" Region="East Asia" />
	<country name="Togo" fips="TO" Region="Africa" />
	<country name="Tokelau" fips="TL" Region="Oceania" />
	<country name="Tonga" fips="TN" Region="Oceania" />
	<country name="Trinidad and Tobago" fips="TD" Region="Central America" />
	<country name="Tunisia" fips="TS" Region="Africa" />
	<country name="Turkey" fips="TU" Region="Middle East" />
	<country name="Turkmenistan" fips="TX" Region="Central Asia" />
	<country name="Turks and Caicos Islands" fips="TK" Region="Central America" />
	<country name="Tuvalu" fips="TV" Region="Oceania" />
	<country name="Uganda" fips="UG" Region="Africa" />
	<country name="Ukraine" fips="UP" Region="Europe" />
	<country name="Undersea Features" fips="UF" Region="" />
	<country name="Undesignated Sovereignty" fips="UU" Region="" />
	<country name="United Arab Emirates" fips="AE" Region="Middle East" />
	<country name="United Kingdom" fips="UK" Region="Europe" />
	<country name="United States" fips="US" Region="North America" />
	<country name="United States Pacific Island Wildlife Refuges" fips="UM" Region="Oceania" />
	<country name="Uruguay" fips="UY" Region="South America" />
	<country name="Uzbekistan" fips="UZ" Region="Central Asia" />
	<country name="Vanuatu" fips="NH" Region="Oceania" />
	<country name="Venezuela" fips="VE" Region="South America" />
	<country name="Vietnam" fips="VM" Region="East Asia" />
	<country name="Virgin Islands" fips="VQ" Region="Central America" />
	<country name="Wake Island" fips="WQ" Region="Oceania" />
	<country name="Wallis and Futuna" fips="WF" Region="Oceania" />
	<country name="West Bank" fips="WE" Region="Middle East" />
	<country name="Western Sahara" fips="WI" Region="Africa" />
	<country name="Yemen" fips="YM" Region="Middle East" />
	<country name="Zambia" fips="ZA" Region="Africa" />
	<country name="Zimbabwe" fips="ZI" Region="Africa" />
</country>