type	LP	IPop	PPPGDP	LP_rank	LP_perc_Asia(Not)	LP_perc_World	IPop_rank	IPop_perc_Asia(Not)	IPop_perc_World	PPPGDP_rank	PPPGDP_perc_Asia(Not)	PPPGDP_perc_World	Language
en	641.5770	468.8890	25773.7042	1.0000	40.8497	9.1356	1.0000	56.9893	17.5032	1.0000	67.0014	25.2847	English
es	133.6131	72.3973	3530.4612	2.0000	8.5072	1.9025	2.0000	8.7993	2.7025	2.0000	9.1778	3.4635	Spanish
arz	53.5680	26.5483	582.2688	3.0000	3.4107	0.7628	3.0000	3.2267	0.9910	4.0000	1.5137	0.5712	Egyptian Arabic
fr	27.2935	19.6338	905.3355	11.0000	1.7378	0.3886	4.0000	2.3863	0.7329	3.0000	2.3535	0.8882	French
ary	28.5821	16.0060	210.2590	9.0000	1.8198	0.4070	5.0000	1.9454	0.5975	13.0000	0.5466	0.2063	Moroccan Arabic
ru	28.0385	14.5890	467.8661	10.0000	1.7852	0.3992	6.0000	1.7732	0.5446	5.0000	1.2163	0.4590	Russian
pcm	35.5492	13.5087	204.2557	5.0000	2.2634	0.5062	7.0000	1.6419	0.5043	14.0000	0.5310	0.2004	Nigerian Pidgin
ha_Latn	29.0355	8.5056	134.0397	7.0000	1.8487	0.4134	8.0000	1.0338	0.3175	18.0000	0.3485	0.1315	Hausa (Latin)
ig	22.0067	8.3625	126.4440	12.0000	1.4012	0.3134	9.0000	1.0164	0.3122	19.0000	0.3287	0.1240	Igbo
nds	9.8304	8.2672	427.7735	17.0000	0.6259	0.1400	10.0000	1.0048	0.3086	7.0000	1.1120	0.4197	Low German
it	9.8125	8.0463	414.1870	18.0000	0.6248	0.1397	11.0000	0.9780	0.3004	8.0000	1.0767	0.4063	Italian
bar	8.0598	6.4977	357.8850	23.0000	0.5132	0.1148	12.0000	0.7897	0.2426	9.0000	0.9304	0.3511	Bavarian
zu	13.1152	6.2528	160.3789	13.0000	0.8351	0.1868	13.0000	0.7600	0.2334	16.0000	0.4169	0.1573	Zulu
nl	7.3548	6.1735	319.4433	27.0000	0.4683	0.1047	14.0000	0.7503	0.2305	10.0000	0.8304	0.3134	Dutch
ca	8.0528	5.7720	258.1154	24.0000	0.5127	0.1147	15.0000	0.7015	0.2155	11.0000	0.6710	0.2532	Catalan
arq	31.4570	5.1904	433.7281	6.0000	2.0029	0.4479	16.0000	0.6308	0.1938	6.0000	1.1275	0.4255	Algerian Arabic
xh	9.5557	4.6644	119.3238	20.0000	0.6084	0.1361	17.0000	0.5669	0.1741	20.0000	0.3102	0.1171	Xhosa
fuv	11.3419	4.3099	65.1673	14.0000	0.7221	0.1615	18.0000	0.5238	0.1609	29.0000	0.1694	0.0639	Nigerian Fulfulde
aeb	9.7983	4.2917	107.7606	19.0000	0.6239	0.1395	19.0000	0.5216	0.1602	22.0000	0.2801	0.1057	Tunisian Arabic
vmf	4.8480	4.0704	210.7656	40.0000	0.3087	0.0690	20.0000	0.4947	0.1519	12.0000	0.5479	0.2068	Main-Franconian
zgh	7.2277	4.0475	53.1689	28.0000	0.4602	0.1029	21.0000	0.4919	0.1511	34.0000	0.1382	0.0522	Standard Moroccan Tamazight
de	5.4356	3.6272	177.5718	36.0000	0.3461	0.0774	22.0000	0.4409	0.1354	15.0000	0.4616	0.1742	German
af	8.5240	3.5956	102.9130	22.0000	0.5427	0.1214	23.0000	0.4370	0.1342	24.0000	0.2675	0.1010	Afrikaans
ki	7.1060	2.7713	21.3809	29.0000	0.4524	0.1012	24.0000	0.3368	0.1034	67.0000	0.0556	0.0210	Kikuyu
zh_Hant	3.0317	2.5607	150.5608	59.0000	0.1930	0.0432	25.0000	0.3112	0.0956	17.0000	0.3914	0.1477	Chinese (Traditional)
tr	3.4414	2.5253	116.7131	50.0000	0.2191	0.0490	26.0000	0.3069	0.0943	21.0000	0.3034	0.1145	Turkish
nso	4.9803	2.4354	62.2863	39.0000	0.3171	0.0709	27.0000	0.2960	0.0909	31.0000	0.1619	0.0611	Northern Sotho
gl	3.2774	2.3443	104.5916	54.0000	0.2087	0.0467	28.0000	0.2849	0.0875	23.0000	0.2719	0.1026	Galician
tn	4.3795	2.1306	54.4535	45.0000	0.2788	0.0624	29.0000	0.2590	0.0795	33.0000	0.1416	0.0534	Tswana
wo	9.8979	2.0671	22.2112	16.0000	0.6302	0.1409	30.0000	0.2512	0.0772	66.0000	0.0577	0.0218	Wolof
st	4.1856	2.0467	52.3470	46.0000	0.2665	0.0596	31.0000	0.2488	0.0764	35.0000	0.1361	0.0514	Southern Sotho
luy	4.5980	1.7932	13.8347	42.0000	0.2928	0.0655	32.0000	0.2179	0.0669	89.0000	0.0360	0.0136	Luyia
shi_Tfng	2.8582	1.6006	21.0259	61.5000	0.1820	0.0407	33.5000	0.1945	0.0597	70.5000	0.0547	0.0206	Tachelhit (Tifinagh)
shi_Latn	2.8582	1.6006	21.0259	61.5000	0.1820	0.0407	33.5000	0.1945	0.0597	70.5000	0.0547	0.0206	Tachelhit (Latin)
luo	4.0964	1.5976	12.3255	47.0000	0.2608	0.0583	35.0000	0.1942	0.0596	99.0000	0.0320	0.0121	Luo
oc	1.9098	1.5645	76.0353	80.0000	0.1216	0.0272	36.0000	0.1902	0.0584	25.0000	0.1977	0.0746	Occitan
sco	1.7303	1.5546	62.6519	88.0000	0.1102	0.0246	37.0000	0.1889	0.0580	30.0000	0.1629	0.0615	Scots
hu	2.5460	1.4363	47.3894	70.0000	0.1621	0.0363	38.0000	0.1746	0.0536	39.0000	0.1232	0.0465	Hungarian
da	1.6183	1.3590	70.3489	91.0000	0.1030	0.0230	39.0000	0.1652	0.0507	28.0000	0.1829	0.0690	Danish
gsw	1.5397	1.3072	74.8992	96.0000	0.0980	0.0219	40.0000	0.1589	0.0488	26.0000	0.1947	0.0735	Swiss German
ts	4.3907	1.2548	31.4313	44.0000	0.2796	0.0625	41.0000	0.1525	0.0468	53.0000	0.0817	0.0308	Tsonga
kln	3.1768	1.2390	9.5585	55.5000	0.2023	0.0452	42.5000	0.1506	0.0463	121.5000	0.0248	0.0094	Kalenjin
kam	3.1768	1.2390	9.5585	55.5000	0.2023	0.0452	42.5000	0.1506	0.0463	121.5000	0.0248	0.0094	Kamba
tt	2.0118	1.2352	48.8827	76.0000	0.1281	0.0286	44.0000	0.1501	0.0461	37.0000	0.1271	0.0480	Tatar
ak	9.9696	1.2263	40.1630	15.0000	0.6348	0.1420	45.0000	0.1490	0.0458	47.0000	0.1044	0.0394	Akan
umb	6.0378	1.1532	48.1704	34.0000	0.3844	0.0860	46.0000	0.1402	0.0430	38.0000	0.1252	0.0473	Umbundu
cv	1.8681	1.1470	45.3911	81.5000	0.1189	0.0266	47.5000	0.1394	0.0428	41.5000	0.1180	0.0445	Chuvash
ba	1.8681	1.1470	45.3911	81.5000	0.1189	0.0266	47.5000	0.1394	0.0428	41.5000	0.1180	0.0445	Bashkir
fil	1.3288	1.1188	70.4258	106.0000	0.0846	0.0189	49.0000	0.1360	0.0418	27.0000	0.1831	0.0691	Filipino
rif_Latn	1.8114	1.0909	21.2056	84.0000	0.1153	0.0258	50.0000	0.1326	0.0407	68.0000	0.0551	0.0208	Riffian (Latin)
sq	1.9450	1.0555	24.5469	79.0000	0.1238	0.0277	51.0000	0.1283	0.0394	60.0000	0.0638	0.0241	Albanian
tiv	2.7085	1.0292	15.5623	64.0000	0.1725	0.0386	52.0000	0.1251	0.0384	83.0000	0.0405	0.0153	Tiv
jam	2.6448	0.9997	22.4456	66.0000	0.1684	0.0377	53.0000	0.1215	0.0373	64.0000	0.0583	0.0220	Jamaican Creole English
kmb	5.2050	0.9942	41.5262	38.0000	0.3314	0.0741	54.0000	0.1208	0.0371	44.0000	0.1080	0.0407	Kimbundu
vls	1.1162	0.9172	45.4954	119.0000	0.0711	0.0159	55.0000	0.1115	0.0342	40.0000	0.1183	0.0446	West Flemish
vi	1.0757	0.9057	57.0114	122.0000	0.0685	0.0153	56.0000	0.1101	0.0338	32.0000	0.1482	0.0559	Vietnamese
rif_Tfng	1.6098	0.9015	11.8422	92.0000	0.1025	0.0229	57.0000	0.1096	0.0337	103.0000	0.0308	0.0116	Riffian (Tifinagh)
efi	2.3699	0.9006	13.6170	71.5000	0.1509	0.0337	58.5000	0.1095	0.0336	92.5000	0.0354	0.0134	Efik
ibb	2.3699	0.9006	13.6170	71.5000	0.1509	0.0337	58.5000	0.1095	0.0336	92.5000	0.0354	0.0134	Ibibio
li	0.9241	0.8683	42.9157	134.0000	0.0588	0.0132	60.0000	0.1055	0.0324	43.0000	0.1116	0.0421	Limburgish
sw	38.5117	0.8480	25.2582	4.0000	2.4521	0.5484	61.0000	0.1031	0.0317	59.0000	0.0657	0.0248	Swahili
ko	0.9913	0.8210	50.9368	131.0000	0.0631	0.0141	62.0000	0.0998	0.0306	36.0000	0.1324	0.0500	Korean
guz	2.0482	0.7988	6.1627	75.0000	0.1304	0.0292	63.0000	0.0971	0.0298	147.0000	0.0160	0.0060	Gusii
lg	4.7871	0.7755	8.0458	41.0000	0.3048	0.0682	64.0000	0.0943	0.0289	129.0000	0.0209	0.0079	Ganda
ha_Arab	2.2049	0.7546	11.9463	74.0000	0.1404	0.0314	65.0000	0.0917	0.0282	102.0000	0.0311	0.0117	Hausa (Arabic)
hy	1.2071	0.7411	29.3296	111.0000	0.0769	0.0172	66.0000	0.0901	0.0277	54.0000	0.0762	0.0288	Armenian
eu	1.0150	0.7350	33.0707	126.0000	0.0646	0.0145	67.0000	0.0893	0.0274	51.0000	0.0860	0.0324	Basque
pl	1.4279	0.7307	22.4039	101.0000	0.0909	0.0203	68.0000	0.0888	0.0273	65.0000	0.0582	0.0220	Polish
ff	6.8624	0.7300	13.4154	31.0000	0.4369	0.0977	69.0000	0.0887	0.0273	94.0000	0.0349	0.0132	Fulah
ss	1.4762	0.7018	18.0172	98.0000	0.0940	0.0210	70.0000	0.0853	0.0262	78.0000	0.0468	0.0177	Swati
bem	4.5071	0.6941	17.6932	43.0000	0.2870	0.0642	71.0000	0.0844	0.0259	79.0000	0.0460	0.0174	Bemba
pt	0.8292	0.6790	32.9832	143.0000	0.0528	0.0118	72.0000	0.0825	0.0253	52.0000	0.0857	0.0324	Portuguese
fy	0.7225	0.6788	33.5523	152.0000	0.0460	0.0103	73.0000	0.0825	0.0253	50.0000	0.0872	0.0329	Western Frisian
hr	0.8421	0.6775	33.9566	142.0000	0.0536	0.0120	74.0000	0.0823	0.0253	49.0000	0.0883	0.0333	Croatian
hi	1.4494	0.6624	16.2948	99.0000	0.0923	0.0206	75.0000	0.0805	0.0247	82.0000	0.0424	0.0160	Hindi
mer	1.6720	0.6521	5.0308	89.0000	0.1065	0.0238	76.0000	0.0793	0.0243	155.0000	0.0131	0.0049	Meru
om	28.6285	0.6168	41.1505	8.0000	1.8228	0.4076	77.0000	0.0750	0.0230	45.0000	0.1070	0.0404	Oromo
ve	1.3025	0.6114	15.4044	107.0000	0.0829	0.0185	78.0000	0.0743	0.0228	85.0000	0.0400	0.0151	Venda
sc	1.0146	0.5932	34.6025	127.0000	0.0646	0.0144	79.0000	0.0721	0.0221	48.0000	0.0900	0.0339	Sardinian
ce	0.9484	0.5823	23.0447	133.0000	0.0604	0.0135	80.0000	0.0708	0.0217	63.0000	0.0599	0.0226	Chechen
pcd	0.7003	0.5737	27.8796	154.0000	0.0446	0.0100	81.0000	0.0697	0.0214	56.0000	0.0725	0.0274	Picard
gos	0.6049	0.5683	28.0903	166.0000	0.0385	0.0086	82.0000	0.0691	0.0212	55.0000	0.0730	0.0276	Gronings
wa	0.6474	0.5320	26.3873	161.0000	0.0412	0.0092	83.0000	0.0647	0.0199	58.0000	0.0686	0.0259	Walloon
el	0.6612	0.5279	23.1999	159.0000	0.0421	0.0094	84.0000	0.0642	0.0197	61.0000	0.0603	0.0228	Greek
kab	2.9562	0.4878	40.7600	60.0000	0.1882	0.0421	85.0000	0.0593	0.0182	46.0000	0.1060	0.0400	Kabyle
cy	0.5209	0.4598	18.4798	180.0000	0.0332	0.0074	86.0000	0.0559	0.0172	75.0000	0.0480	0.0181	Welsh
pa_Guru	0.5155	0.4585	18.3592	181.0000	0.0328	0.0073	87.0000	0.0557	0.0171	77.0000	0.0477	0.0180	Punjabi (Gurmukhi)
mfe	1.1718	0.4570	20.0655	114.0000	0.0746	0.0167	88.0000	0.0555	0.0171	72.0000	0.0522	0.0197	Morisyen
bin	1.2019	0.4567	6.9058	112.0000	0.0765	0.0171	89.0000	0.0555	0.0170	141.0000	0.0180	0.0068	Bini
vec	0.7759	0.4536	26.4607	148.0000	0.0494	0.0110	90.0000	0.0551	0.0169	57.0000	0.0688	0.0260	Venetian
ku_Latn	0.5333	0.4477	23.1842	177.0000	0.0340	0.0076	91.0000	0.0544	0.0167	62.0000	0.0603	0.0227	Kurdish (Latin)
ast	0.6059	0.4337	19.3543	165.0000	0.0386	0.0086	92.0000	0.0527	0.0162	74.0000	0.0503	0.0190	Asturian
br	0.5284	0.4328	21.0364	179.0000	0.0336	0.0075	93.0000	0.0526	0.0162	69.0000	0.0547	0.0206	Breton
yi	0.7950	0.4217	15.2688	144.0000	0.0506	0.0113	94.0000	0.0513	0.0157	86.0000	0.0397	0.0150	Yiddish
ny	3.1017	0.4183	9.7505	58.0000	0.1975	0.0442	95.0000	0.0508	0.0156	119.0000	0.0253	0.0096	Nyanja
uk	0.7514	0.4177	8.5589	151.0000	0.0478	0.0107	96.0000	0.0508	0.0156	125.0000	0.0222	0.0084	Ukrainian
nr	0.8477	0.4145	10.6019	140.0000	0.0540	0.0121	97.0000	0.0504	0.0155	114.0000	0.0276	0.0104	South Ndebele
ee	3.9710	0.3981	12.9394	49.0000	0.2528	0.0565	98.0000	0.0484	0.0149	97.0000	0.0336	0.0127	Ewe
bn	0.4294	0.3858	15.5469	196.0000	0.0273	0.0061	99.0000	0.0469	0.0144	84.0000	0.0404	0.0153	Bengali
nyn	2.3199	0.3758	3.8991	73.0000	0.1477	0.0330	100.0000	0.0457	0.0140	170.0000	0.0101	0.0038	Nyankole
qug	0.8992	0.3629	9.8080	135.0000	0.0573	0.0128	101.0000	0.0441	0.0135	118.0000	0.0255	0.0096	Chimborazo Highland Quichua
teo	1.7454	0.3533	3.3444	87.0000	0.1111	0.0249	102.0000	0.0429	0.0132	178.0000	0.0087	0.0033	Teso
so	6.2491	0.3488	10.3321	33.0000	0.3979	0.0890	103.0000	0.0424	0.0130	116.0000	0.0269	0.0101	Somali
yua	0.7933	0.3448	13.7946	145.0000	0.0505	0.0113	104.0000	0.0419	0.0129	90.0000	0.0359	0.0135	Yucateco
av	0.5604	0.3441	13.6173	171.0000	0.0357	0.0080	105.0000	0.0418	0.0128	91.0000	0.0354	0.0134	Avaric
nap	0.5789	0.3384	19.7438	169.0000	0.0369	0.0082	106.0000	0.0411	0.0126	73.0000	0.0513	0.0194	Neapolitan
udm	0.5461	0.3353	13.2682	174.0000	0.0348	0.0078	107.0000	0.0408	0.0125	95.0000	0.0345	0.0130	Udmurt
chm	0.5317	0.3265	12.9190	178.0000	0.0339	0.0076	108.0000	0.0397	0.0122	98.0000	0.0336	0.0127	Mari
srr	1.5537	0.3247	3.4851	95.0000	0.0989	0.0221	109.0000	0.0395	0.0121	174.0000	0.0091	0.0034	Serer
cgg	1.9885	0.3221	3.3421	77.0000	0.1266	0.0283	110.0000	0.0391	0.0120	179.0000	0.0087	0.0033	Chiga
xog	1.9517	0.3162	3.2802	78.0000	0.1243	0.0278	111.0000	0.0384	0.0118	182.0000	0.0085	0.0032	Soga
szl	0.5009	0.3148	11.6581	183.0000	0.0319	0.0071	112.0000	0.0383	0.0118	105.0000	0.0303	0.0114	Silesian
lij	0.5133	0.3001	17.5048	182.0000	0.0327	0.0073	113.0000	0.0365	0.0112	80.0000	0.0455	0.0172	Ligurian
mos	6.7748	0.2981	11.0952	32.0000	0.4314	0.0965	114.0000	0.0362	0.0111	110.0000	0.0288	0.0109	Mossi
be	0.6001	0.2979	8.4591	167.0000	0.0382	0.0085	115.0000	0.0362	0.0111	126.0000	0.0220	0.0083	Belarusian
co	0.3629	0.2973	14.4467	205.0000	0.0231	0.0052	116.0000	0.0361	0.0111	87.0000	0.0376	0.0142	Corsican
lmo	0.3472	0.2957	18.3617	209.0000	0.0221	0.0049	117.0000	0.0359	0.0110	76.0000	0.0477	0.0180	Lombard
syl	0.3268	0.2936	11.8342	215.0000	0.0208	0.0047	118.0000	0.0357	0.0110	104.0000	0.0308	0.0116	Sylheti
mas	1.3630	0.2913	3.2856	103.0000	0.0868	0.0194	119.0000	0.0354	0.0109	181.0000	0.0085	0.0032	Masai
scn	0.4894	0.2861	16.6906	185.0000	0.0312	0.0070	120.5000	0.0348	0.0107	81.0000	0.0434	0.0164	Sicilian
ndc	3.3577	0.2861	4.2379	52.0000	0.2138	0.0478	120.5000	0.0348	0.0107	167.0000	0.0110	0.0042	Ndau
id	0.3024	0.2842	14.0451	219.0000	0.0193	0.0043	122.0000	0.0345	0.0106	88.0000	0.0365	0.0138	Indonesian
os	0.4598	0.2823	11.1732	190.5000	0.0293	0.0065	123.5000	0.0343	0.0105	107.5000	0.0290	0.0110	Ossetic
sah	0.4598	0.2823	11.1732	190.5000	0.0293	0.0065	123.5000	0.0343	0.0105	107.5000	0.0290	0.0110	Sakha
bg	0.5933	0.2774	4.3501	168.0000	0.0378	0.0084	125.0000	0.0337	0.0104	166.0000	0.0113	0.0043	Bulgarian
kbd	0.4455	0.2735	10.8240	194.5000	0.0284	0.0063	126.5000	0.0332	0.0102	112.5000	0.0281	0.0106	Kabardian
myv	0.4455	0.2735	10.8240	194.5000	0.0284	0.0063	126.5000	0.0332	0.0102	112.5000	0.0281	0.0106	Erzya
ro	0.4849	0.2475	6.1980	186.0000	0.0309	0.0069	128.0000	0.0301	0.0092	146.0000	0.0161	0.0061	Romanian
pnt_Grek	0.4093	0.2451	10.2846	198.0000	0.0261	0.0058	129.0000	0.0298	0.0091	117.0000	0.0267	0.0101	Pontic (Greek)
ebu	0.6270	0.2445	1.8865	162.0000	0.0399	0.0089	130.0000	0.0297	0.0091	216.0000	0.0049	0.0019	Embu
dyu	5.4198	0.2385	8.8762	37.0000	0.3451	0.0772	131.0000	0.0290	0.0089	124.0000	0.0231	0.0087	Dyula
dar	0.3736	0.2294	9.0782	202.0000	0.0238	0.0053	132.0000	0.0279	0.0086	123.0000	0.0236	0.0089	Dargwa
rue	0.5445	0.2276	4.7101	175.0000	0.0347	0.0078	133.0000	0.0277	0.0085	158.0000	0.0122	0.0046	Rusyn
laj	1.3993	0.2267	2.3519	102.0000	0.0891	0.0199	134.0000	0.0276	0.0085	201.0000	0.0061	0.0023	Lango (Uganda)
zea	0.2352	0.2210	10.9240	233.0000	0.0150	0.0033	135.0000	0.0269	0.0082	111.0000	0.0284	0.0107	Zeelandic
ach	1.3625	0.2207	2.2900	104.0000	0.0868	0.0194	136.0000	0.0268	0.0082	204.0000	0.0060	0.0022	Acoli
ja	0.4222	0.2178	6.3270	197.0000	0.0269	0.0060	137.0000	0.0265	0.0081	143.0000	0.0164	0.0062	Japanese
quc	1.0837	0.2135	7.9004	121.0000	0.0690	0.0154	138.0000	0.0259	0.0080	131.0000	0.0205	0.0078	Kʼicheʼ
fi	0.2292	0.2115	9.6198	236.0000	0.0146	0.0033	139.0000	0.0257	0.0079	120.0000	0.0250	0.0094	Finnish
ksh	0.2424	0.2035	10.5383	231.0000	0.0154	0.0035	140.0000	0.0247	0.0076	115.0000	0.0274	0.0103	Colognian
nhe	0.4617	0.2007	8.0297	189.0000	0.0294	0.0066	141.0000	0.0244	0.0075	130.0000	0.0209	0.0079	Eastern Huasteca Nahuatl
nhw	0.4499	0.1955	7.8238	193.0000	0.0286	0.0064	142.0000	0.0238	0.0073	132.0000	0.0203	0.0077	Western Huasteca Nahuatl
ay	0.4951	0.1941	5.7223	184.0000	0.0315	0.0070	143.5000	0.0236	0.0072	151.0000	0.0149	0.0056	Aymara
bua	0.3161	0.1941	7.6816	216.0000	0.0201	0.0045	143.5000	0.0236	0.0072	134.0000	0.0200	0.0075	Buriat
se	0.2021	0.1918	12.2876	241.0000	0.0129	0.0029	145.0000	0.0233	0.0072	100.0000	0.0319	0.0121	Northern Sami
mdf	0.3018	0.1853	7.3324	220.0000	0.0192	0.0043	146.0000	0.0225	0.0069	136.0000	0.0191	0.0072	Moksha
vmw	3.3584	0.1814	3.5117	51.0000	0.2138	0.0478	147.0000	0.0220	0.0068	173.0000	0.0091	0.0034	Makhuwa
bm_Latn	7.7528	0.1783	11.5764	25.0000	0.4936	0.1104	148.0000	0.0217	0.0067	106.0000	0.0301	0.0114	Bambara (Latin)
suk	4.0261	0.1771	7.3849	48.0000	0.2563	0.0573	149.0000	0.0215	0.0066	135.0000	0.0192	0.0072	Sukuma
kum	0.2874	0.1765	6.9832	222.0000	0.0183	0.0041	150.0000	0.0215	0.0066	140.0000	0.0182	0.0069	Kumyk
arn	0.2634	0.1751	5.9343	227.0000	0.0168	0.0038	151.0000	0.0213	0.0065	150.0000	0.0154	0.0058	Mapuche
maz	0.4025	0.1749	7.0003	200.0000	0.0256	0.0057	152.0000	0.0213	0.0065	139.0000	0.0182	0.0069	Central Mazahua
kea	0.4659	0.1747	2.9111	188.0000	0.0297	0.0066	153.0000	0.0212	0.0065	189.0000	0.0076	0.0029	Kabuverdianu
myx	1.0679	0.1730	1.7948	123.0000	0.0680	0.0152	154.0000	0.0210	0.0065	218.0000	0.0047	0.0018	Masaaba
ext	0.2284	0.1635	7.2951	237.0000	0.0145	0.0033	155.0000	0.0199	0.0061	137.0000	0.0190	0.0072	Extremaduran
lua	7.3911	0.1626	4.8441	26.0000	0.4706	0.1052	156.0000	0.0198	0.0061	157.0000	0.0126	0.0048	Luba-Lulua
lez	0.2587	0.1588	6.2849	228.5000	0.0165	0.0037	157.5000	0.0193	0.0059	144.5000	0.0163	0.0062	Lezghian
kv	0.2587	0.1588	6.2849	228.5000	0.0165	0.0037	157.5000	0.0193	0.0059	144.5000	0.0163	0.0062	Komi
mxc	0.8526	0.1577	1.6661	139.0000	0.0543	0.0121	159.0000	0.0192	0.0059	221.0000	0.0043	0.0016	Manyika
abr	1.2782	0.1572	5.1491	109.0000	0.0814	0.0182	160.0000	0.0191	0.0059	154.0000	0.0134	0.0051	Abron
swc	6.9292	0.1524	4.5413	30.0000	0.4412	0.0987	161.0000	0.0185	0.0057	162.0000	0.0118	0.0045	Congo Swahili
krc	0.2299	0.1412	5.5866	234.5000	0.0146	0.0033	162.5000	0.0172	0.0053	152.5000	0.0145	0.0055	Karachay-Balkar
inh	0.2299	0.1412	5.5866	234.5000	0.0146	0.0033	162.5000	0.0172	0.0053	152.5000	0.0145	0.0055	Ingush
nus	0.6189	0.1405	2.7408	164.0000	0.0394	0.0088	164.0000	0.0171	0.0052	197.0000	0.0071	0.0027	Nuer
srn	0.3720	0.1391	5.9847	203.0000	0.0237	0.0053	165.0000	0.0169	0.0052	149.0000	0.0156	0.0059	Sranan Tongo
bho	0.3515	0.1371	6.0197	208.0000	0.0224	0.0050	166.0000	0.0167	0.0051	148.0000	0.0156	0.0059	Bhojpuri
ltg	0.1815	0.1365	4.1427	248.0000	0.0116	0.0026	167.0000	0.0166	0.0051	168.0000	0.0108	0.0041	Latgalian
ti	9.1278	0.1355	12.1487	21.0000	0.5812	0.1300	168.0000	0.0165	0.0051	101.0000	0.0316	0.0119	Tigrinya
kaj	0.3555	0.1351	2.0426	206.0000	0.0226	0.0051	169.0000	0.0164	0.0050	209.0000	0.0053	0.0020	Jju
loz	0.8723	0.1343	3.4245	138.0000	0.0555	0.0124	170.0000	0.0163	0.0050	176.0000	0.0089	0.0034	Lozi
dav	0.3428	0.1337	1.0313	213.0000	0.0218	0.0049	171.0000	0.0163	0.0050	250.0000	0.0027	0.0010	Taita
nv	0.1582	0.1332	8.3840	252.0000	0.0101	0.0023	172.0000	0.0162	0.0050	127.0000	0.0218	0.0082	Navajo
rw	1.0659	0.1317	1.4914	124.0000	0.0679	0.0152	173.0000	0.0160	0.0049	227.0000	0.0039	0.0015	Kinyarwanda
kck	0.6952	0.1286	1.3585	156.0000	0.0443	0.0099	174.0000	0.0156	0.0048	233.0000	0.0035	0.0013	Kalanga
fon	2.5802	0.1264	4.6262	68.0000	0.1643	0.0367	175.0000	0.0154	0.0047	160.0000	0.0120	0.0045	Fon
tyv	0.1868	0.1147	4.5391	246.0000	0.0119	0.0027	176.0000	0.0139	0.0043	163.0000	0.0118	0.0045	Tuvinian
pko	0.2926	0.1141	0.8804	221.0000	0.0186	0.0042	177.0000	0.0139	0.0043	262.0000	0.0023	0.0009	Pökoot
mk	0.1901	0.1139	4.5862	245.0000	0.0121	0.0027	178.0000	0.0138	0.0043	161.0000	0.0119	0.0045	Macedonian
ttj	0.6997	0.1133	1.1759	155.0000	0.0446	0.0100	179.0000	0.0138	0.0042	242.0000	0.0031	0.0012	Tooro
gur	0.8947	0.1100	3.6044	136.0000	0.0570	0.0127	180.0000	0.0134	0.0041	172.0000	0.0094	0.0035	Frafra
ks_Arab	0.1218	0.1094	4.4088	263.0000	0.0078	0.0017	181.0000	0.0133	0.0041	165.0000	0.0115	0.0043	Kashmiri (Arabic)
kj	0.7609	0.1058	7.7858	150.0000	0.0484	0.0108	182.0000	0.0129	0.0039	133.0000	0.0202	0.0076	Kuanyama
pdc	0.1234	0.1039	6.5395	262.0000	0.0079	0.0018	183.0000	0.0126	0.0039	142.0000	0.0170	0.0064	Pennsylvania German
kri	5.7988	0.0986	11.1549	35.0000	0.3692	0.0826	184.0000	0.0120	0.0037	109.0000	0.0290	0.0109	Krio
nch	0.2250	0.0978	3.9119	239.0000	0.0143	0.0032	185.0000	0.0119	0.0037	169.0000	0.0102	0.0038	Central Huasteca Nahuatl
ngl	1.7567	0.0949	1.8369	86.0000	0.1119	0.0250	186.0000	0.0115	0.0035	217.0000	0.0048	0.0018	Lomwe
ada	0.7669	0.0943	3.0895	149.0000	0.0488	0.0109	187.0000	0.0115	0.0035	186.0000	0.0080	0.0030	Adangme
sl	0.1378	0.0882	4.9689	257.0000	0.0088	0.0020	188.0000	0.0107	0.0033	156.0000	0.0129	0.0049	Slovenian
gaa	0.7158	0.0880	2.8835	153.0000	0.0456	0.0102	189.0000	0.0107	0.0033	192.0000	0.0075	0.0028	Ga
ln	2.6377	0.0861	3.3093	67.0000	0.1679	0.0376	190.0000	0.0105	0.0032	180.0000	0.0086	0.0032	Lingala
az_Cyrl	0.1336	0.0821	3.2472	258.0000	0.0085	0.0019	191.0000	0.0100	0.0031	183.0000	0.0084	0.0032	Azerbaijani (Cyrillic)
tum	1.4373	0.0776	1.0751	100.0000	0.0915	0.0205	192.5000	0.0094	0.0029	247.0000	0.0028	0.0011	Tumbuka
ady	0.1265	0.0776	3.0726	260.0000	0.0081	0.0018	192.5000	0.0094	0.0029	187.0000	0.0080	0.0030	Adyghe
dyo	0.3673	0.0768	0.8238	204.0000	0.0234	0.0052	194.0000	0.0093	0.0029	264.0000	0.0021	0.0008	Jola-Fonyi
man_Latn	0.5440	0.0762	0.8932	176.0000	0.0346	0.0077	195.0000	0.0093	0.0028	259.0000	0.0023	0.0009	Mandingo (Latin)
saq	0.1923	0.0750	0.5785	244.0000	0.0122	0.0027	196.0000	0.0091	0.0028	283.0000	0.0015	0.0006	Samburu
krl	0.1178	0.0724	2.8631	266.0000	0.0075	0.0017	197.0000	0.0088	0.0027	193.0000	0.0074	0.0028	Karelian
pdt	0.0843	0.0723	3.6442	276.0000	0.0054	0.0012	198.0000	0.0088	0.0027	171.0000	0.0095	0.0036	Plautdietsch
bci	2.6476	0.0688	7.1744	65.0000	0.1686	0.0377	199.5000	0.0084	0.0026	138.0000	0.0187	0.0070	Baoulé
lbe	0.1121	0.0688	2.7235	268.0000	0.0071	0.0016	199.5000	0.0084	0.0026	198.0000	0.0071	0.0027	Lak
nym	1.5271	0.0672	2.8012	97.0000	0.0972	0.0217	201.0000	0.0082	0.0025	195.0000	0.0073	0.0027	Nyamwezi
guc	0.1272	0.0658	1.6254	259.0000	0.0081	0.0018	202.0000	0.0080	0.0025	222.0000	0.0042	0.0016	Wayuu
bum	1.0117	0.0648	2.8944	128.0000	0.0644	0.0144	203.0000	0.0079	0.0024	190.0000	0.0075	0.0028	Bulu
seh	1.1884	0.0642	1.2426	113.0000	0.0757	0.0169	204.0000	0.0078	0.0024	237.0000	0.0032	0.0012	Sena
ng	0.4565	0.0635	4.6715	192.0000	0.0291	0.0065	205.0000	0.0077	0.0024	159.0000	0.0121	0.0046	Ndonga
fan	0.3861	0.0633	13.0366	201.0000	0.0246	0.0055	206.0000	0.0077	0.0024	96.0000	0.0339	0.0128	Fang
ar	3.3482	0.0628	8.3057	53.0000	0.2132	0.0477	207.5000	0.0076	0.0023	128.0000	0.0216	0.0081	Arabic
mgh	1.1625	0.0628	1.2156	115.0000	0.0740	0.0166	207.5000	0.0076	0.0023	240.0000	0.0032	0.0012	Makhuwa-Meetto
aa	1.8556	0.0622	3.1660	83.0000	0.1181	0.0264	209.0000	0.0076	0.0023	185.0000	0.0082	0.0031	Afar
vro	0.0752	0.0602	1.9604	278.0000	0.0048	0.0011	210.0000	0.0073	0.0022	213.0000	0.0051	0.0019	Võro
kcg	0.1574	0.0598	0.9046	253.0000	0.0100	0.0022	211.0000	0.0073	0.0022	258.0000	0.0024	0.0009	Tyap
sdc	0.1015	0.0593	3.4602	273.0000	0.0065	0.0014	212.0000	0.0072	0.0022	175.0000	0.0090	0.0034	Sassarese Sardinian
sid	3.1098	0.0591	4.4362	57.0000	0.1980	0.0443	213.0000	0.0072	0.0022	164.0000	0.0115	0.0044	Sidamo
gag	0.1174	0.0573	0.5481	267.0000	0.0075	0.0017	214.0000	0.0070	0.0021	288.0000	0.0014	0.0005	Gagauz
gd	0.0634	0.0570	2.2972	285.0000	0.0040	0.0009	215.0000	0.0069	0.0021	203.0000	0.0060	0.0023	Scottish Gaelic
fit	0.0530	0.0502	2.3002	289.0000	0.0034	0.0008	216.0000	0.0061	0.0019	202.0000	0.0060	0.0023	Tornedalen Finnish
frp	0.0598	0.0490	2.3824	286.5000	0.0038	0.0009	217.0000	0.0060	0.0018	200.0000	0.0062	0.0023	Arpitan
kde	1.1106	0.0489	2.0372	120.0000	0.0707	0.0158	218.0000	0.0059	0.0018	210.0000	0.0053	0.0020	Makonde
dje	2.8222	0.0480	2.7780	63.0000	0.1797	0.0402	219.0000	0.0058	0.0018	196.0000	0.0072	0.0027	Zarma
rng	0.8784	0.0474	0.9184	137.0000	0.0559	0.0125	220.0000	0.0058	0.0018	257.0000	0.0024	0.0009	Ronga
crs	0.0911	0.0459	2.1423	275.0000	0.0058	0.0013	221.0000	0.0056	0.0017	207.0000	0.0056	0.0021	Seselwa Creole French
ewo	0.6818	0.0436	1.9506	158.0000	0.0434	0.0097	222.0000	0.0053	0.0016	214.0000	0.0051	0.0019	Ewondo
man_Nkoo	2.5588	0.0409	3.3810	69.0000	0.1629	0.0364	223.0000	0.0050	0.0015	177.0000	0.0088	0.0033	Mandingo (N’Ko)
koi	0.0647	0.0397	1.5712	284.0000	0.0041	0.0009	224.0000	0.0048	0.0015	224.0000	0.0041	0.0015	Komi-Permyak
sk	0.0721	0.0394	1.0152	280.0000	0.0046	0.0010	225.0000	0.0048	0.0015	254.0000	0.0026	0.0010	Slovak
lu	1.7708	0.0390	1.1606	85.0000	0.1127	0.0252	226.0000	0.0047	0.0015	244.0000	0.0030	0.0011	Luba-Katanga
rm	0.0400	0.0347	2.1598	292.0000	0.0025	0.0006	227.0000	0.0042	0.0013	206.0000	0.0056	0.0021	Romansh
bez	0.7867	0.0346	1.4430	146.5000	0.0501	0.0112	228.5000	0.0042	0.0013	229.5000	0.0038	0.0014	Bena
ksb	0.7867	0.0346	1.4430	146.5000	0.0501	0.0112	228.5000	0.0042	0.0013	229.5000	0.0038	0.0014	Shambala
yo	0.6915	0.0339	1.2398	157.0000	0.0440	0.0098	230.0000	0.0041	0.0013	238.0000	0.0032	0.0012	Yoruba
yao	0.6200	0.0335	0.6483	163.0000	0.0395	0.0088	231.0000	0.0041	0.0013	275.0000	0.0017	0.0006	Yao
cr_Cans	0.0386	0.0331	1.6703	293.5000	0.0025	0.0005	233.0000	0.0040	0.0012	219.5000	0.0043	0.0016	Cree (Unified Canadian Aboriginal Syllabics)
crk	0.0386	0.0331	1.6703	293.5000	0.0025	0.0005	233.0000	0.0040	0.0012	219.5000	0.0043	0.0016	Plains Cree
kpe	0.9941	0.0331	1.0653	130.0000	0.0633	0.0142	233.0000	0.0040	0.0012	248.0000	0.0028	0.0010	Kpelle
csb	0.0501	0.0315	1.1658	290.0000	0.0032	0.0007	235.0000	0.0038	0.0012	243.0000	0.0030	0.0011	Kashubian
nzi	0.2556	0.0314	1.0298	230.0000	0.0163	0.0036	236.0000	0.0038	0.0012	251.0000	0.0027	0.0010	Nzima
gn	0.0692	0.0313	0.7305	282.0000	0.0044	0.0010	237.0000	0.0038	0.0012	273.0000	0.0019	0.0007	Guarani
wal	1.5993	0.0304	2.2815	93.0000	0.1018	0.0228	238.0000	0.0037	0.0011	205.0000	0.0059	0.0022	Wolaytta
ffm	1.2978	0.0298	1.9378	108.0000	0.0826	0.0185	239.0000	0.0036	0.0011	215.0000	0.0050	0.0019	Maasina Fulfulde
men	1.6677	0.0289	3.1877	90.0000	0.1062	0.0237	240.0000	0.0035	0.0011	184.0000	0.0083	0.0031	Mende
mgy	0.6479	0.0285	1.1884	160.0000	0.0413	0.0092	241.0000	0.0035	0.0011	241.0000	0.0031	0.0012	Mbunga
naq	0.2000	0.0278	2.0465	242.0000	0.0127	0.0028	242.0000	0.0034	0.0010	208.0000	0.0053	0.0020	Nama
hz	0.1978	0.0275	2.0243	243.0000	0.0126	0.0028	243.0000	0.0033	0.0010	211.0000	0.0053	0.0020	Herero
tem	1.5870	0.0270	3.0529	94.0000	0.1010	0.0226	244.0000	0.0033	0.0010	188.0000	0.0079	0.0030	Timne
sef	1.0350	0.0269	2.8045	125.0000	0.0659	0.0147	245.0000	0.0033	0.0010	194.0000	0.0073	0.0028	Cebaara Senoufo
ur	0.0677	0.0264	1.1593	283.0000	0.0043	0.0010	246.0000	0.0032	0.0010	245.0000	0.0030	0.0011	Urdu
kg	1.1549	0.0254	0.7569	117.0000	0.0735	0.0164	247.0000	0.0031	0.0009	267.0000	0.0020	0.0007	Kongo
dnj	0.9628	0.0250	2.6089	132.0000	0.0613	0.0137	248.5000	0.0030	0.0009	199.0000	0.0068	0.0026	Dan
tmh	1.3500	0.0250	1.5090	105.0000	0.0860	0.0192	248.5000	0.0030	0.0009	225.0000	0.0039	0.0015	Tamashek
asa	0.5553	0.0244	1.0186	173.0000	0.0354	0.0079	250.0000	0.0030	0.0009	252.0000	0.0026	0.0010	Asu
haw	0.0282	0.0237	1.4924	304.0000	0.0018	0.0004	251.0000	0.0029	0.0009	226.0000	0.0039	0.0015	Hawaiian
snk	0.9944	0.0229	1.4848	129.0000	0.0633	0.0142	252.0000	0.0028	0.0009	228.0000	0.0039	0.0015	Soninke
ybb	0.3519	0.0225	1.0067	207.0000	0.0224	0.0050	253.0000	0.0027	0.0008	255.0000	0.0026	0.0010	Yemba
frc	0.0266	0.0224	1.4085	305.0000	0.0017	0.0004	254.0000	0.0027	0.0008	231.0000	0.0037	0.0014	Cajun French
fur	0.0358	0.0209	1.2213	295.0000	0.0023	0.0005	255.0000	0.0025	0.0008	239.0000	0.0032	0.0012	Friulian
chr	0.0244	0.0205	1.2911	306.0000	0.0016	0.0003	256.0000	0.0025	0.0008	234.0000	0.0034	0.0013	Cherokee
ml	0.0224	0.0202	0.8122	309.0000	0.0014	0.0003	257.0000	0.0025	0.0008	266.0000	0.0021	0.0008	Malayalam
rmo	0.0232	0.0201	1.2527	308.0000	0.0015	0.0003	258.0000	0.0024	0.0008	236.0000	0.0033	0.0012	Sinte Romani
fuq	1.1621	0.0198	1.1439	116.0000	0.0740	0.0165	259.0000	0.0024	0.0007	246.0000	0.0030	0.0011	Central-Eastern Niger Fulfulde
bbj	0.3079	0.0197	0.8809	217.5000	0.0196	0.0044	260.5000	0.0024	0.0007	260.5000	0.0023	0.0009	Ghomala
nnh	0.3079	0.0197	0.8809	217.5000	0.0196	0.0044	260.5000	0.0024	0.0007	260.5000	0.0023	0.0009	Ngiemboon
sus	1.2238	0.0196	1.6170	110.0000	0.0779	0.0174	262.0000	0.0024	0.0007	223.0000	0.0042	0.0016	Susu
mwk	0.8427	0.0194	1.2583	141.0000	0.0537	0.0120	263.0000	0.0024	0.0007	235.0000	0.0033	0.0012	Kita Maninkakan
mrj	0.0302	0.0185	0.7332	302.0000	0.0019	0.0004	264.0000	0.0022	0.0007	272.0000	0.0019	0.0007	Western Mari
bkm	0.2859	0.0183	0.8180	224.0000	0.0182	0.0041	265.0000	0.0022	0.0007	265.0000	0.0021	0.0008	Kom
sr_Cyrl	0.0312	0.0177	0.4569	298.5000	0.0020	0.0004	266.5000	0.0022	0.0007	294.0000	0.0012	0.0004	Serbian (Cyrillic)
lag	0.4026	0.0177	0.7385	199.0000	0.0256	0.0057	266.5000	0.0022	0.0007	270.0000	0.0019	0.0007	Langi
egl	0.0298	0.0174	1.0177	303.0000	0.0019	0.0004	268.0000	0.0021	0.0006	253.0000	0.0026	0.0010	Emilian
bas	0.2639	0.0169	0.7551	225.5000	0.0168	0.0038	269.5000	0.0021	0.0006	268.5000	0.0020	0.0007	Basaa
bax	0.2639	0.0169	0.7551	225.5000	0.0168	0.0038	269.5000	0.0021	0.0006	268.5000	0.0020	0.0007	Bamun
esu	0.0196	0.0165	1.0396	312.0000	0.0012	0.0003	271.0000	0.0020	0.0006	249.0000	0.0027	0.0010	Central Yupik
sr_Latn	0.0305	0.0158	0.5677	301.0000	0.0019	0.0004	272.0000	0.0019	0.0006	284.0000	0.0015	0.0006	Serbian (Latin)
dak	0.0187	0.0157	0.9893	313.0000	0.0012	0.0003	273.0000	0.0019	0.0006	256.0000	0.0026	0.0010	Dakota
byv	0.2419	0.0155	0.6921	232.0000	0.0154	0.0034	274.0000	0.0019	0.0006	274.0000	0.0018	0.0007	Medumba
rof	0.3471	0.0153	0.6366	211.0000	0.0221	0.0049	276.0000	0.0019	0.0006	279.0000	0.0017	0.0006	Rombo
jmc	0.3471	0.0153	0.6366	211.0000	0.0221	0.0049	276.0000	0.0019	0.0006	279.0000	0.0017	0.0006	Machame
vun	0.3471	0.0153	0.6366	211.0000	0.0221	0.0049	276.0000	0.0019	0.0006	279.0000	0.0017	0.0006	Vunjo
ga	0.0167	0.0150	0.6033	315.0000	0.0011	0.0002	278.0000	0.0018	0.0006	282.0000	0.0016	0.0006	Irish
mua	0.2199	0.0141	0.6292	240.0000	0.0140	0.0031	279.0000	0.0017	0.0005	281.0000	0.0016	0.0006	Mundang
cch	0.0355	0.0135	0.2043	296.0000	0.0023	0.0005	280.0000	0.0016	0.0005	324.0000	0.0005	0.0002	Atsam
ses	0.5730	0.0132	0.8556	170.0000	0.0365	0.0082	281.0000	0.0016	0.0005	263.0000	0.0022	0.0008	Koyraboro Senni
puu	0.1407	0.0129	2.8865	256.0000	0.0090	0.0020	282.0000	0.0016	0.0005	191.0000	0.0075	0.0028	Punu
iu_Latn	0.0147	0.0127	0.6377	317.0000	0.0009	0.0002	284.0000	0.0015	0.0005	276.5000	0.0017	0.0006	Inuktitut (Latin)
ta	0.0325	0.0127	0.5574	297.0000	0.0021	0.0005	284.0000	0.0015	0.0005	286.0000	0.0014	0.0005	Tamil
iu_Cans	0.0147	0.0127	0.6377	317.0000	0.0009	0.0002	284.0000	0.0015	0.0005	276.5000	0.0017	0.0006	Inuktitut (Unified Canadian Aboriginal Syllabics)
alt	0.0201	0.0124	0.4888	310.5000	0.0013	0.0003	286.0000	0.0015	0.0005	292.0000	0.0013	0.0005	Southern Altai
hsb	0.0129	0.0109	0.5620	319.0000	0.0008	0.0002	287.0000	0.0013	0.0004	285.0000	0.0015	0.0006	Upper Sorbian
kgp	0.0201	0.0104	0.3013	310.5000	0.0013	0.0003	288.0000	0.0013	0.0004	308.0000	0.0008	0.0003	Kaingang
lol	0.4696	0.0103	0.3078	187.0000	0.0299	0.0067	290.0000	0.0013	0.0004	305.0000	0.0008	0.0003	Mongo
tig	1.1390	0.0103	1.3631	118.0000	0.0725	0.0162	290.0000	0.0013	0.0004	232.0000	0.0035	0.0013	Tigre
maf	0.1606	0.0103	0.4593	251.0000	0.0102	0.0023	290.0000	0.0013	0.0004	293.0000	0.0012	0.0005	Mafa
moe	0.0116	0.0099	0.5011	321.0000	0.0007	0.0002	292.0000	0.0012	0.0004	291.0000	0.0013	0.0005	Montagnais
bvb	0.0598	0.0098	2.0194	286.5000	0.0038	0.0009	293.0000	0.0012	0.0004	212.0000	0.0052	0.0020	Bube
tog	0.1677	0.0091	0.1254	250.0000	0.0107	0.0024	294.0000	0.0011	0.0003	336.0000	0.0003	0.0001	Nyasa Tonga
rmu	0.0094	0.0089	0.4099	327.0000	0.0006	0.0001	295.5000	0.0011	0.0003	299.0000	0.0011	0.0004	Tavringer Romani
nqo	0.5563	0.0089	0.7350	172.0000	0.0354	0.0079	295.5000	0.0011	0.0003	271.0000	0.0019	0.0007	NʼKo
cho	0.0104	0.0088	0.5533	323.0000	0.0007	0.0001	297.0000	0.0011	0.0003	287.0000	0.0014	0.0005	Choctaw
gub	0.0169	0.0087	0.2531	314.0000	0.0011	0.0002	298.5000	0.0011	0.0003	313.0000	0.0007	0.0002	Guajajára
chk	0.0312	0.0087	0.0972	298.5000	0.0020	0.0004	298.5000	0.0011	0.0003	342.0000	0.0003	0.0001	Chuukese
wae	0.0096	0.0083	0.5184	326.0000	0.0006	0.0001	300.0000	0.0010	0.0003	289.0000	0.0013	0.0005	Walser
frr	0.0097	0.0081	0.4215	325.0000	0.0006	0.0001	301.0000	0.0010	0.0003	297.0000	0.0011	0.0004	Northern Frisian
bfd	0.1254	0.0080	0.3586	261.0000	0.0080	0.0018	302.0000	0.0010	0.0003	300.0000	0.0009	0.0004	Bafut
bm_Nkoo	0.3371	0.0078	0.5033	214.0000	0.0215	0.0048	303.0000	0.0009	0.0003	290.0000	0.0013	0.0005	Bambara (N’Ko)
kkj	0.1188	0.0076	0.3398	264.5000	0.0076	0.0017	304.5000	0.0009	0.0003	301.5000	0.0009	0.0003	Kako
bss	0.1188	0.0076	0.3398	264.5000	0.0076	0.0017	304.5000	0.0009	0.0003	301.5000	0.0009	0.0003	Akoose
sli	0.0119	0.0075	0.2780	320.0000	0.0008	0.0002	306.0000	0.0009	0.0003	310.0000	0.0007	0.0003	Lower Silesian
lkt	0.0082	0.0069	0.4360	330.0000	0.0005	0.0001	307.5000	0.0008	0.0003	295.0000	0.0011	0.0004	Lakota
kl	0.0073	0.0069	0.3131	336.0000	0.0005	0.0001	307.5000	0.0008	0.0003	304.0000	0.0008	0.0003	Kalaallisut
dua	0.1056	0.0068	0.3020	270.0000	0.0067	0.0015	309.0000	0.0008	0.0003	307.0000	0.0008	0.0003	Duala
ik	0.0079	0.0067	0.4192	332.5000	0.0005	0.0001	310.0000	0.0008	0.0003	298.0000	0.0011	0.0004	Inupiaq
khq	0.2865	0.0066	0.4278	223.0000	0.0182	0.0041	312.0000	0.0008	0.0002	296.0000	0.0011	0.0004	Koyra Chiini
pon	0.0239	0.0066	0.0745	307.0000	0.0015	0.0003	312.0000	0.0008	0.0002	348.0000	0.0002	0.0001	Pohnpeian
mgo	0.1034	0.0066	0.2957	271.0000	0.0066	0.0015	312.0000	0.0008	0.0002	309.0000	0.0008	0.0003	Metaʼ
crj	0.0074	0.0063	0.3189	335.0000	0.0005	0.0001	314.0000	0.0008	0.0002	303.0000	0.0008	0.0003	Southern East Cree
dsb	0.0069	0.0058	0.3021	337.0000	0.0004	0.0001	315.0000	0.0007	0.0002	306.0000	0.0008	0.0003	Lower Sorbian
amo	0.0147	0.0056	0.0846	317.0000	0.0009	0.0002	316.0000	0.0007	0.0002	347.0000	0.0002	0.0001	Amo
et	0.0060	0.0055	0.2401	339.5000	0.0004	0.0001	317.0000	0.0007	0.0002	316.0000	0.0006	0.0002	Estonian
yrl	0.0105	0.0054	0.1567	322.0000	0.0007	0.0001	318.0000	0.0007	0.0002	332.0000	0.0004	0.0002	Nheengatu
lt	0.0081	0.0051	0.1883	331.0000	0.0005	0.0001	319.5000	0.0006	0.0002	328.0000	0.0005	0.0002	Lithuanian
xav	0.0099	0.0051	0.1476	324.0000	0.0006	0.0001	319.5000	0.0006	0.0002	335.0000	0.0004	0.0001	Xavánte
vai_Vaii	0.1061	0.0049	0.0941	269.0000	0.0068	0.0015	321.0000	0.0006	0.0002	343.0000	0.0002	0.0001	Vai (Vai)
atj	0.0056	0.0048	0.2429	341.0000	0.0004	0.0001	322.5000	0.0006	0.0002	315.0000	0.0006	0.0002	Atikamekw
jgo	0.0748	0.0048	0.2139	279.0000	0.0048	0.0011	322.5000	0.0006	0.0002	320.0000	0.0006	0.0002	Ngomba
rmf	0.0052	0.0047	0.2074	343.0000	0.0003	0.0001	324.0000	0.0006	0.0002	323.0000	0.0005	0.0002	Kalo Finnish Romani
crl	0.0053	0.0045	0.2278	342.0000	0.0003	0.0001	326.0000	0.0005	0.0002	317.0000	0.0006	0.0002	Northern East Cree
rwk	0.1018	0.0045	0.1867	272.0000	0.0065	0.0014	326.0000	0.0005	0.0002	329.0000	0.0005	0.0002	Rwa
ksf	0.0704	0.0045	0.2013	281.0000	0.0045	0.0010	326.0000	0.0005	0.0002	326.0000	0.0005	0.0002	Bafia
dtm	0.1854	0.0043	0.2768	247.0000	0.0118	0.0026	328.0000	0.0005	0.0002	311.0000	0.0007	0.0003	Tomo Kan Dogon
csw	0.0049	0.0042	0.2126	344.0000	0.0003	0.0001	329.0000	0.0005	0.0002	321.0000	0.0006	0.0002	Swampy Cree
sbp	0.0926	0.0041	0.1698	274.0000	0.0059	0.0013	330.0000	0.0005	0.0002	330.0000	0.0004	0.0002	Sangu
crm	0.0046	0.0039	0.1974	345.5000	0.0003	0.0001	331.5000	0.0005	0.0001	327.0000	0.0005	0.0002	Moose Cree
kao	0.1685	0.0039	0.2517	249.0000	0.0107	0.0024	331.5000	0.0005	0.0001	314.0000	0.0007	0.0002	Xaasongaxango
mus	0.0041	0.0035	0.2180	347.5000	0.0003	0.0001	333.5000	0.0004	0.0001	318.0000	0.0006	0.0002	Creek
pms	0.0060	0.0035	0.2035	339.5000	0.0004	0.0001	333.5000	0.0004	0.0001	325.0000	0.0005	0.0002	Piedmontese
bmq	0.1449	0.0033	0.2164	254.0000	0.0092	0.0021	336.0000	0.0004	0.0001	319.0000	0.0006	0.0002	Bomu
ikt	0.0039	0.0033	0.1670	349.0000	0.0002	0.0001	336.0000	0.0004	0.0001	331.0000	0.0004	0.0002	Inuinnaqtun
bze	0.1416	0.0033	0.2114	255.0000	0.0090	0.0020	336.0000	0.0004	0.0001	322.0000	0.0005	0.0002	Jenaama Bozo
moh	0.0035	0.0030	0.1518	351.0000	0.0002	0.0000	338.0000	0.0004	0.0001	333.0000	0.0004	0.0001	Mohawk
dgr	0.0027	0.0023	0.1154	353.0000	0.0002	0.0000	339.0000	0.0003	0.0001	338.0000	0.0003	0.0001	Dogrib
vep	0.0036	0.0022	0.0873	350.0000	0.0002	0.0001	340.5000	0.0003	0.0001	346.0000	0.0002	0.0001	Veps
kos	0.0079	0.0022	0.0246	332.5000	0.0005	0.0001	340.5000	0.0003	0.0001	356.0000	0.0001	0.0000	Kosraean
ssy	0.2278	0.0021	0.2726	238.0000	0.0145	0.0032	342.5000	0.0003	0.0001	312.0000	0.0007	0.0003	Saho
wbp	0.0026	0.0021	0.1158	354.0000	0.0002	0.0000	342.5000	0.0003	0.0001	337.0000	0.0003	0.0001	Warlpiri
agq	0.0308	0.0020	0.0881	300.0000	0.0020	0.0004	344.5000	0.0002	0.0001	344.0000	0.0002	0.0001	Aghem
den	0.0023	0.0020	0.1002	356.0000	0.0001	0.0000	344.5000	0.0002	0.0001	340.0000	0.0003	0.0001	Slave
gu	0.0046	0.0018	0.0138	345.5000	0.0003	0.0001	347.0000	0.0002	0.0001	367.0000	0.0000	0.0000	Gujarati
yap	0.0064	0.0018	0.0201	338.0000	0.0004	0.0001	347.0000	0.0002	0.0001	361.0000	0.0001	0.0000	Yapese
kw	0.0020	0.0018	0.0719	359.5000	0.0001	0.0000	347.0000	0.0002	0.0001	349.0000	0.0002	0.0001	Cornish
frs	0.0020	0.0017	0.0878	359.5000	0.0001	0.0000	349.0000	0.0002	0.0001	345.0000	0.0002	0.0001	Eastern Frisian
kfo	0.0554	0.0014	0.1500	288.0000	0.0035	0.0008	350.5000	0.0002	0.0001	334.0000	0.0004	0.0001	Koro
smj	0.0014	0.0014	0.0627	361.0000	0.0001	0.0000	350.5000	0.0002	0.0001	350.0000	0.0002	0.0001	Lule Sami
mn_Cyrl	0.0022	0.0013	0.0524	357.5000	0.0001	0.0000	352.0000	0.0002	0.0000	352.0000	0.0001	0.0001	Mongolian (Cyrillic)
bqv	0.0409	0.0011	0.1109	291.0000	0.0026	0.0006	353.5000	0.0001	0.0000	339.0000	0.0003	0.0001	Koro Wachi
scs	0.0013	0.0011	0.0547	362.0000	0.0001	0.0000	353.5000	0.0001	0.0000	351.0000	0.0001	0.0001	North Slavey
nsk	0.0012	0.0010	0.0516	363.0000	0.0001	0.0000	355.0000	0.0001	0.0000	353.0000	0.0001	0.0001	Naskapi
rtm	0.0025	0.0009	0.0193	355.0000	0.0002	0.0000	356.0000	0.0001	0.0000	362.0000	0.0001	0.0000	Rotuman
uli	0.0029	0.0008	0.0091	352.0000	0.0002	0.0000	357.5000	0.0001	0.0000	369.0000	0.0000	0.0000	Ulithian
stq	0.0010	0.0008	0.0422	364.0000	0.0001	0.0000	357.5000	0.0001	0.0000	354.0000	0.0001	0.0000	Saterland Frisian
rug	0.0090	0.0007	0.0164	328.0000	0.0006	0.0001	360.0000	0.0001	0.0000	365.0000	0.0000	0.0000	Roviana
byn	0.0823	0.0007	0.0984	277.0000	0.0052	0.0012	360.0000	0.0001	0.0000	341.0000	0.0003	0.0001	Blin
chp	0.0008	0.0007	0.0334	365.5000	0.0001	0.0000	360.0000	0.0001	0.0000	355.0000	0.0001	0.0000	Chipewyan
saf	0.0041	0.0005	0.0165	347.5000	0.0003	0.0001	364.0000	0.0001	0.0000	364.0000	0.0000	0.0000	Safaliba
smn	0.0006	0.0005	0.0240	368.0000	0.0000	0.0000	364.0000	0.0001	0.0000	359.5000	0.0001	0.0000	Inari Sami
gwi	0.0006	0.0005	0.0243	368.0000	0.0000	0.0000	364.0000	0.0001	0.0000	358.0000	0.0001	0.0000	Gwichʼin
nmg	0.0086	0.0005	0.0245	329.0000	0.0005	0.0001	364.0000	0.0001	0.0000	357.0000	0.0001	0.0000	Kwasio
sms	0.0006	0.0005	0.0240	368.0000	0.0000	0.0000	364.0000	0.0001	0.0000	359.5000	0.0001	0.0000	Skolt Sami
sei	0.0008	0.0004	0.0144	365.5000	0.0001	0.0000	367.0000	0.0000	0.0000	366.0000	0.0000	0.0000	Seri
sma	0.0003	0.0003	0.0130	370.0000	0.0000	0.0000	368.0000	0.0000	0.0000	368.0000	0.0000	0.0000	Southern Sami
izh	0.0001	0.0001	0.0035	373.0000	0.0000	0.0000	371.0000	0.0000	0.0000	374.0000	0.0000	0.0000	Ingrian
yav	0.0022	0.0001	0.0062	357.5000	0.0001	0.0000	371.0000	0.0000	0.0000	371.0000	0.0000	0.0000	Yangben
tsd	0.0002	0.0001	0.0053	371.0000	0.0000	0.0000	371.0000	0.0000	0.0000	372.0000	0.0000	0.0000	Tsakonian
twq	0.0076	0.0001	0.0075	334.0000	0.0005	0.0001	371.0000	0.0000	0.0000	370.0000	0.0000	0.0000	Tasawaq
ia	0.0001	0.0001	0.0051	373.0000	0.0000	0.0000	371.0000	0.0000	0.0000	373.0000	0.0000	0.0000	Interlingua
aro	0.0001	0.0000	0.0007	373.0000	0.0000	0.0000	377.5000	0.0000	0.0000	375.0000	0.0000	0.0000	Araona
sgs	0.0000	0.0000	0.0000	378.0000	0.0000	0.0000	377.5000	0.0000	0.0000	379.0000	0.0000	0.0000	Samogitian
rgn	0.0000	0.0000	0.0000	378.0000	0.0000	0.0000	377.5000	0.0000	0.0000	379.0000	0.0000	0.0000	Romagnol
pfl	0.0000	0.0000	0.0000	378.0000	0.0000	0.0000	377.5000	0.0000	0.0000	379.0000	0.0000	0.0000	Palatine German
jut	0.0000	0.0000	0.0000	378.0000	0.0000	0.0000	377.5000	0.0000	0.0000	379.0000	0.0000	0.0000	Jutish
vot	0.0000	0.0000	0.0000	378.0000	0.0000	0.0000	377.5000	0.0000	0.0000	379.0000	0.0000	0.0000	Votic
cu	0.0000	0.0000	0.0000	378.0000	0.0000	0.0000	377.5000	0.0000	0.0000	379.0000	0.0000	0.0000	Church Slavic
vai_Latn	0.0000	0.0000	0.0000	378.0000	0.0000	0.0000	377.5000	0.0000	0.0000	379.0000	0.0000	0.0000	Vai (Latin)
aln													Gheg Albanian
buc													Bushi
ch													Chamorro
eo			0.0182							363.0000	0.0000	0.0000	Esperanto
fud													East Futuna
gcr													Guianese Creole French
la													Latin
ms_Arab													Malay (Arabic)
pap													Papiamento
rcf													Réunion Creole French
swb													Comorian
und													Unknown Language
vic													Virgin Islands Creole English
wls													Wallisian
