type	LP	IPop	PPPGDP	LP_rank	LP_perc_Asia	LP_perc_World	IPop_rank	IPop_perc_Asia	IPop_perc_World	PPPGDP_rank	PPPGDP_perc_Asia	PPPGDP_perc_World	Language
wuu	81.6456	37.3937	968.9454	7.0000	4.2475	1.1626	1.0000	9.3347	1.3959	2.0000	6.6163	0.9506	Wu Chinese
en	98.1788	28.7228	1310.4855	3.0000	5.1076	1.3980	2.0000	7.1702	1.0722	1.0000	8.9484	1.2856	English
hsn	39.4620	18.0736	468.3236	15.0000	2.0530	0.5619	3.0000	4.5118	0.6747	8.0000	3.1979	0.4594	Xiang Chinese
bn	100.7366	15.2108	548.9123	2.0000	5.2407	1.4344	4.0000	3.7971	0.5678	5.0000	3.7482	0.5385	Bengali
hak	31.2975	14.3342	371.4291	17.0000	1.6282	0.4457	5.0000	3.5783	0.5351	10.0000	2.5362	0.3644	Hakka Chinese
pa_Arab	127.8123	13.9315	584.5525	1.0000	6.6492	1.8199	6.0000	3.4778	0.5200	4.0000	3.9915	0.5735	Punjabi (Arabic)
jv	84.6638	13.5776	820.5661	6.0000	4.4045	1.2055	7.0000	3.3894	0.5068	3.0000	5.6031	0.8050	Javanese
te	89.5205	13.5176	487.8698	4.0000	4.6572	1.2747	8.0000	3.3745	0.5046	6.0000	3.3313	0.4786	Telugu
mr	87.0338	13.1421	474.3179	5.0000	4.5278	1.2393	9.0000	3.2807	0.4906	7.0000	3.2388	0.4653	Marathi
ta	74.6149	11.9193	428.9131	8.0000	3.8817	1.0625	10.0000	2.9755	0.4449	9.0000	2.9288	0.4208	Tamil
es	30.2200	11.1814	199.3536	19.0000	1.5722	0.4303	11.0000	2.7913	0.4174	22.0000	1.3613	0.1956	Spanish
gan	23.1329	10.5949	274.5345	25.0000	1.2035	0.3294	12.0000	2.6448	0.3955	17.0000	1.8746	0.2693	Gan Chinese
ur	62.1670	9.3872	338.7985	10.0000	3.2341	0.8852	13.0000	2.3434	0.3504	11.0000	2.3134	0.3324	Urdu
ceb	23.3962	8.6566	154.3382	24.0000	1.2172	0.3331	14.0000	2.1610	0.3231	26.0000	1.0539	0.1514	Cebuano
gu	55.9503	8.4485	304.9187	11.0000	2.9107	0.7967	15.0000	2.1090	0.3154	13.0000	2.0821	0.2991	Gujarati
lah	73.0667	7.9656	334.1994	9.0000	3.8012	1.0404	16.0000	1.9885	0.2973	12.0000	2.2820	0.3279	Lahnda
kn	46.0036	6.9465	250.7109	12.0000	2.3933	0.6551	17.0000	1.7341	0.2593	19.0000	1.7119	0.2460	Kannada
ml	40.5266	6.6472	261.6829	13.0000	2.1083	0.5771	18.0000	1.6594	0.2481	18.0000	1.7869	0.2567	Malayalam
or	39.7869	6.0078	216.8310	14.0000	2.0699	0.5665	19.0000	1.4998	0.2243	21.0000	1.4806	0.2127	Oriya
az_Arab	18.4747	5.8011	298.6392	26.5000	0.9611	0.2631	20.5000	1.4482	0.2165	14.5000	2.0392	0.2930	Azerbaijani (Arabic)
azb	18.4747	5.8011	298.6392	26.5000	0.9611	0.2631	20.5000	1.4482	0.2165	14.5000	2.0392	0.2930	South Azerbaijani
pa_Guru	34.8227	5.2635	190.4501	16.0000	1.8116	0.4958	22.0000	1.3139	0.1965	23.0000	1.3005	0.1868	Punjabi (Gurmukhi)
zh_Hant	10.2537	4.8116	169.9929	40.0000	0.5334	0.1460	23.0000	1.2011	0.1796	24.0000	1.1608	0.1668	Chinese (Traditional)
tts	16.3750	4.7389	231.4800	30.0000	0.8519	0.2332	24.0000	1.1830	0.1769	20.0000	1.5806	0.2271	Northeastern Thai
su	29.7545	4.7072	286.6740	20.0000	1.5479	0.4237	25.0000	1.1751	0.1757	16.0000	1.9575	0.2812	Sundanese
bho	30.4865	4.5694	160.0904	18.0000	1.5860	0.4341	26.0000	1.1407	0.1706	25.0000	1.0932	0.1571	Bhojpuri
ii	8.1646	3.7394	96.8945	45.0000	0.4248	0.1163	27.0000	0.9335	0.1396	33.0000	0.6616	0.0951	Sichuan Yi
awa	24.2349	3.6484	130.1162	23.0000	1.2608	0.3451	28.0000	0.9108	0.1362	30.0000	0.8885	0.1276	Awadhi
ilo	9.3585	3.4626	61.7353	42.0000	0.4869	0.1333	29.0000	0.8644	0.1293	51.0000	0.4215	0.0606	Iloko
ug_Arab	7.4871	3.4280	88.8255	47.0000	0.3895	0.1066	30.0000	0.8557	0.1280	35.0000	0.6065	0.0871	Uyghur (Arabic)
ps	27.7735	3.2545	143.7988	21.0000	1.4449	0.3955	31.0000	0.8124	0.1215	29.0000	0.9819	0.1411	Pashto
hil	8.1887	3.0298	54.0184	44.0000	0.4260	0.1166	32.0000	0.7563	0.1131	54.0000	0.3689	0.0530	Hiligaynon
sd_Arab	25.1434	2.8764	117.8265	22.0000	1.3080	0.3580	33.0000	0.7180	0.1074	31.0000	0.8046	0.1156	Sindhi (Arabic)
mai	17.9770	2.6595	88.1755	28.0000	0.9352	0.2560	34.0000	0.6639	0.0993	36.0000	0.6021	0.0865	Maithili
ru	7.1810	2.6329	64.6051	49.0000	0.3736	0.1023	35.0000	0.6573	0.0983	48.0000	0.4411	0.0634	Russian
mad	15.6211	2.4713	150.5038	33.0000	0.8127	0.2224	36.0000	0.6169	0.0923	27.0000	1.0277	0.1476	Madurese
as	16.1634	2.4407	88.0876	31.0000	0.8409	0.2302	37.0000	0.6093	0.0911	37.0000	0.6015	0.0864	Assamese
mag	14.9201	2.2529	81.3116	35.0000	0.7762	0.2125	39.0000	0.5624	0.0841	39.0000	0.5552	0.0798	Magahi
mwr	14.9201	2.2529	81.3116	35.0000	0.7762	0.2125	39.0000	0.5624	0.0841	39.0000	0.5552	0.0798	Marwari
bgc	14.9201	2.2529	81.3116	35.0000	0.7762	0.2125	39.0000	0.5624	0.0841	39.0000	0.5552	0.0798	Haryanvi
hne	13.6767	2.0652	74.5357	37.0000	0.7115	0.1947	41.0000	0.5155	0.0771	45.0000	0.5090	0.0731	Chhattisgarhi
ku_Latn	4.4007	2.0283	81.1240	60.0000	0.2289	0.0627	42.0000	0.5063	0.0757	41.0000	0.5539	0.0796	Kurdish (Latin)
za	4.2184	1.9320	50.0622	61.0000	0.2195	0.0601	43.0000	0.4823	0.0721	56.0000	0.3418	0.0491	Zhuang
nod	6.5500	1.8956	92.5920	53.0000	0.3408	0.0933	44.0000	0.4732	0.0708	34.0000	0.6322	0.0908	Northern Thai
dcc	12.3091	1.8587	67.0821	38.0000	0.6404	0.1753	45.0000	0.4640	0.0694	47.0000	0.4581	0.0658	Deccan
skr	16.6156	1.8111	75.9918	29.0000	0.8644	0.2366	46.0000	0.4521	0.0676	44.0000	0.5189	0.0746	Saraiki
ms_Arab	11.4059	1.8044	109.8917	39.0000	0.5934	0.1624	47.0000	0.4504	0.0674	32.0000	0.7504	0.1078	Malay (Arabic)
mn_Mong	3.5380	1.6204	41.9876	67.0000	0.1841	0.0504	48.0000	0.4045	0.0605	60.0000	0.2867	0.0412	Mongolian (Mongolian)
ckb	9.9573	1.5826	148.4525	41.0000	0.5180	0.1418	49.0000	0.3951	0.0591	28.0000	1.0137	0.1456	Sorani Kurdish
sou	5.4583	1.5796	77.1600	55.0000	0.2840	0.0777	50.0000	0.3943	0.0590	42.0000	0.5269	0.0757	Southern Thai
bal	8.8839	1.5317	76.9278	43.0000	0.4622	0.1265	51.0000	0.3824	0.0572	43.0000	0.5253	0.0755	Baluchi
ko	2.7033	1.5059	48.4949	79.0000	0.1406	0.0385	52.0000	0.3759	0.0562	57.0000	0.3311	0.0476	Korean
rkt	15.6494	1.4877	62.0551	32.0000	0.8141	0.2228	53.0000	0.3714	0.0555	50.0000	0.4237	0.0609	Rangpuri
bo	2.9250	1.2761	33.1934	75.0000	0.1522	0.0416	54.0000	0.3186	0.0476	69.0000	0.2267	0.0326	Tibetan
mzn	3.8489	1.2086	62.2165	64.0000	0.2002	0.0548	55.0000	0.3017	0.0451	49.0000	0.4248	0.0610	Mazanderani
min	7.4386	1.1768	71.6685	48.0000	0.3870	0.1059	56.0000	0.2938	0.0439	46.0000	0.4894	0.0703	Minangkabau
glk	3.5410	1.1119	57.2392	66.0000	0.1842	0.0504	57.0000	0.2776	0.0415	52.0000	0.3908	0.0562	Gilaki
ne	7.0909	1.0897	38.8678	50.0000	0.3689	0.1010	58.0000	0.2720	0.0407	61.0000	0.2654	0.0381	Nepali
bik	2.9245	1.0821	19.2923	76.0000	0.1521	0.0416	59.0000	0.2701	0.0404	83.0000	0.1317	0.0189	Bikol
bjj	6.9627	1.0514	37.9454	51.0000	0.3622	0.0991	60.0000	0.2625	0.0392	63.0000	0.2591	0.0372	Kanauji
war	2.8270	1.0460	18.6492	77.0000	0.1471	0.0403	61.0000	0.2611	0.0390	85.0000	0.1273	0.0183	Waray
sat	6.8384	1.0326	37.2678	52.0000	0.3558	0.0974	62.0000	0.2578	0.0385	64.0000	0.2545	0.0366	Santali
mfa	3.4115	0.9873	48.2250	70.0000	0.1775	0.0486	63.0000	0.2465	0.0369	58.0000	0.3293	0.0473	Pattani Malay
wtm	5.7194	0.8636	31.1695	54.0000	0.2975	0.0814	64.0000	0.2156	0.0322	71.0000	0.2128	0.0306	Mewati
ryu	0.9805	0.8457	35.9401	124.0000	0.0510	0.0140	65.0000	0.2111	0.0316	66.0000	0.2454	0.0353	Central Okinawan
pam	2.2421	0.8296	14.7907	86.5000	0.1166	0.0319	66.5000	0.2071	0.0310	99.5000	0.1010	0.0145	Pampanga
bhk	2.2421	0.8296	14.7907	86.5000	0.1166	0.0319	66.5000	0.2071	0.0310	99.5000	0.1010	0.0145	Albay Bicolano
bew	5.2070	0.8238	50.1679	57.0000	0.2709	0.0741	68.0000	0.2056	0.0308	55.0000	0.3426	0.0492	Betawi
ks_Arab	5.2237	0.7835	28.3577	56.0000	0.2718	0.0744	69.0000	0.1956	0.0292	72.0000	0.1936	0.0278	Kashmiri (Arabic)
tk_Latn	2.6748	0.7074	35.8403	80.0000	0.1392	0.0381	70.0000	0.1766	0.0264	67.0000	0.2447	0.0352	Turkmen (Latin)
ban	4.4632	0.7061	43.0011	59.0000	0.2322	0.0636	71.0000	0.1763	0.0264	59.0000	0.2936	0.0422	Balinese
kok	4.6004	0.6947	25.0711	58.0000	0.2393	0.0655	72.0000	0.1734	0.0259	75.0000	0.1712	0.0246	Konkani
ar	1.9699	0.6823	33.0008	93.0000	0.1025	0.0280	73.0000	0.1703	0.0255	70.0000	0.2253	0.0324	Arabic
bug	3.9910	0.6434	38.7711	62.0000	0.2076	0.0568	74.0000	0.1606	0.0240	62.0000	0.2647	0.0380	Buginese
gom	3.9787	0.6008	21.6831	63.0000	0.2070	0.0567	75.0000	0.1500	0.0224	80.0000	0.1481	0.0213	Goan Konkani
de	1.0986	0.5932	25.3092	117.0000	0.0572	0.0156	76.0000	0.1481	0.0221	74.0000	0.1728	0.0248	German
bjn	3.7244	0.5918	35.9521	65.0000	0.1938	0.0530	77.0000	0.1477	0.0221	65.0000	0.2455	0.0353	Banjar
kk_Arab	1.3825	0.5737	15.8665	107.0000	0.0719	0.0197	78.0000	0.1432	0.0214	94.0000	0.1083	0.0156	Kazakh (Arabic)
ace	3.4714	0.5492	33.4453	69.0000	0.1806	0.0494	79.0000	0.1371	0.0205	68.0000	0.2284	0.0328	Achinese
tly_Latn	0.9123	0.5355	15.5348	129.0000	0.0475	0.0130	80.0000	0.1337	0.0200	95.0000	0.1061	0.0152	Talysh (Latin)
fa	2.0014	0.5346	55.1456	91.0000	0.1041	0.0285	81.0000	0.1335	0.0200	53.0000	0.3766	0.0541	Persian
swv	3.4814	0.5257	18.9727	68.0000	0.1811	0.0496	82.0000	0.1312	0.0196	84.0000	0.1296	0.0186	Shekhawati
syl	7.8298	0.5089	24.8007	46.0000	0.4073	0.1115	83.0000	0.1270	0.0190	76.0000	0.1693	0.0243	Sylheti
lrc	1.6165	0.5076	26.1309	101.0000	0.0841	0.0230	84.0000	0.1267	0.0189	73.0000	0.1784	0.0256	Northern Luri
lmn	3.3570	0.5069	18.2951	71.5000	0.1746	0.0478	85.5000	0.1265	0.0189	86.5000	0.1249	0.0179	Lambadi
gbm	3.3570	0.5069	18.2951	71.5000	0.1746	0.0478	85.5000	0.1265	0.0189	86.5000	0.1249	0.0179	Garhwali
pag	1.3648	0.5050	9.0031	108.0000	0.0710	0.0194	87.0000	0.1261	0.0189	119.0000	0.0615	0.0088	Pangasinan
iba	0.7487	0.5014	17.3398	138.0000	0.0390	0.0107	88.0000	0.1252	0.0187	90.0000	0.1184	0.0170	Iban
zza	1.0708	0.4952	20.2094	120.0000	0.0557	0.0152	89.0000	0.1236	0.0185	81.0000	0.1380	0.0198	Zaza
rmt	1.4626	0.4593	23.6423	104.0000	0.0761	0.0208	90.0000	0.1147	0.0171	77.0000	0.1614	0.0232	Domari
gon_Telu	2.9840	0.4506	16.2623	74.0000	0.1552	0.0425	91.0000	0.1125	0.0168	93.0000	0.1110	0.0160	Gondi (Telugu)
mdh	1.1698	0.4328	7.7169	113.0000	0.0609	0.0167	92.0000	0.1080	0.0162	126.0000	0.0527	0.0076	Maguindanaon
kfy	2.7353	0.4130	14.9071	78.0000	0.1423	0.0389	93.0000	0.1031	0.0154	98.0000	0.1018	0.0146	Kumaoni
tsg	1.0723	0.3968	7.0738	119.0000	0.0558	0.0153	94.0000	0.0991	0.0148	130.0000	0.0483	0.0069	Tausug
sas	2.4052	0.3805	23.1728	81.0000	0.1251	0.0342	95.0000	0.0950	0.0142	78.0000	0.1582	0.0227	Sasak
hy	0.7757	0.3782	10.1241	135.0000	0.0404	0.0110	96.0000	0.0944	0.0141	113.0000	0.0691	0.0099	Armenian
bbc	2.2812	0.3609	21.9783	85.0000	0.1187	0.0325	97.0000	0.0901	0.0135	79.0000	0.1501	0.0216	Batak Toba
kru	2.3623	0.3567	12.8743	83.5000	0.1229	0.0336	98.5000	0.0890	0.0133	101.5000	0.0879	0.0126	Kurukh
doi	2.3623	0.3567	12.8743	83.5000	0.1229	0.0336	98.5000	0.0890	0.0133	101.5000	0.0879	0.0126	Dogri
bqi	1.0777	0.3384	17.4206	118.0000	0.0561	0.0153	100.0000	0.0845	0.0126	89.0000	0.1190	0.0171	Bakhtiari
wbq	2.2380	0.3379	12.1967	88.5000	0.1164	0.0319	101.5000	0.0844	0.0126	103.5000	0.0833	0.0120	Waddar
sck	2.2380	0.3379	12.1967	88.5000	0.1164	0.0319	101.5000	0.0844	0.0126	103.5000	0.0833	0.0120	Sadri
kxm	1.1599	0.3357	16.3965	114.0000	0.0603	0.0165	103.0000	0.0838	0.0125	92.0000	0.1120	0.0161	Northern Khmer
xnr	1.9893	0.3004	10.8416	92.0000	0.1035	0.0283	104.0000	0.0750	0.0112	108.0000	0.0740	0.0106	Kangri
luz	0.9237	0.2901	14.9320	126.0000	0.0481	0.0132	105.0000	0.0724	0.0108	97.0000	0.1020	0.0146	Southern Luri
mak	1.8101	0.2864	17.4393	97.0000	0.0942	0.0258	106.0000	0.0715	0.0107	88.0000	0.1191	0.0171	Makasar
wbr	1.8650	0.2816	10.1640	95.0000	0.0970	0.0266	108.0000	0.0703	0.0105	111.0000	0.0694	0.0100	Wagdi
tcy	1.8650	0.2816	10.1640	95.0000	0.0970	0.0266	108.0000	0.0703	0.0105	111.0000	0.0694	0.0100	Tulu
khn	1.8650	0.2816	10.1640	95.0000	0.0970	0.0266	108.0000	0.0703	0.0105	111.0000	0.0694	0.0100	Khandesi
lis	0.6123	0.2805	7.2671	143.0000	0.0319	0.0087	110.0000	0.0700	0.0105	129.0000	0.0496	0.0071	Lisu
zh_Hans	0.4013	0.2750	19.5015	159.0000	0.0209	0.0057	111.0000	0.0686	0.0103	82.0000	0.1332	0.0191	Chinese (Simplified)
kbd	0.5889	0.2724	11.1152	147.0000	0.0306	0.0084	112.0000	0.0680	0.0102	105.0000	0.0759	0.0109	Kabardian
ljp	1.7109	0.2707	16.4838	100.0000	0.0890	0.0244	113.0000	0.0676	0.0101	91.0000	0.1126	0.0162	Lampung Api
brx	1.7407	0.2628	9.4864	99.0000	0.0906	0.0248	114.0000	0.0656	0.0098	117.0000	0.0648	0.0093	Bodo
az_Latn	0.5660	0.2618	10.6821	149.0000	0.0294	0.0081	115.0000	0.0654	0.0098	109.0000	0.0729	0.0105	Azerbaijani (Latin)
brh	2.3737	0.2587	10.8560	82.0000	0.1235	0.0338	116.0000	0.0646	0.0097	107.0000	0.0741	0.0107	Brahui
noe	1.6163	0.2441	8.8088	102.0000	0.0841	0.0230	117.0000	0.0609	0.0091	121.0000	0.0601	0.0086	Nimadi
cps	0.6531	0.2417	4.3086	142.0000	0.0340	0.0093	118.0000	0.0603	0.0090	148.0000	0.0294	0.0042	Capiznon
zmi	0.3594	0.2407	8.3231	165.0000	0.0187	0.0051	119.0000	0.0601	0.0090	122.0000	0.0568	0.0082	Negeri Sembilan Malay
hno	2.1911	0.2388	10.0209	90.0000	0.1140	0.0312	120.0000	0.0596	0.0089	114.0000	0.0684	0.0098	Northern Hindko
bhb	1.4920	0.2253	8.1312	103.0000	0.0776	0.0212	121.0000	0.0562	0.0084	123.0000	0.0555	0.0080	Bhili
xmf	0.4932	0.2126	3.5295	152.0000	0.0257	0.0070	122.0000	0.0531	0.0079	154.0000	0.0241	0.0035	Mingrelian
ky_Arab	0.4627	0.2119	5.4907	154.0000	0.0241	0.0066	123.0000	0.0529	0.0079	143.0000	0.0375	0.0054	Kyrgyz (Arabic)
mni	1.3849	0.2076	7.5082	106.0000	0.0720	0.0197	124.0000	0.0518	0.0077	128.0000	0.0513	0.0074	Manipuri
ro	0.2912	0.2062	9.5279	180.0000	0.0151	0.0041	125.0000	0.0515	0.0077	116.0000	0.0651	0.0093	Romanian
raj	1.2433	0.1877	6.7760	109.0000	0.0647	0.0177	126.0000	0.0469	0.0070	132.0000	0.0463	0.0066	Rajasthani
hoc	1.2309	0.1859	6.7082	110.0000	0.0640	0.0175	127.0000	0.0464	0.0069	133.0000	0.0458	0.0066	Ho
ug_Cyrl	0.3443	0.1856	7.9182	168.0000	0.0179	0.0049	128.0000	0.0463	0.0069	124.0000	0.0541	0.0078	Uyghur (Cyrillic)
kaa	0.4839	0.1848	2.5044	153.0000	0.0252	0.0069	129.0000	0.0461	0.0069	172.0000	0.0171	0.0025	Kara-Kalpak
mtr	1.2185	0.1840	6.6405	111.0000	0.0634	0.0174	130.0000	0.0459	0.0069	134.0000	0.0453	0.0065	Mewari
lki	0.5850	0.1837	9.4569	148.0000	0.0304	0.0083	131.0000	0.0459	0.0069	118.0000	0.0646	0.0093	Laki
rej	1.1406	0.1804	10.9892	116.0000	0.0593	0.0162	132.0000	0.0450	0.0067	106.0000	0.0750	0.0108	Rejang
unr_Beng	1.1812	0.1784	6.4372	112.0000	0.0615	0.0168	133.0000	0.0445	0.0067	138.0000	0.0440	0.0063	unr (Bengali)
bhi	1.1439	0.1727	6.2339	115.0000	0.0595	0.0163	134.0000	0.0431	0.0064	139.0000	0.0426	0.0061	Bhilali
yi	0.2361	0.1672	7.7253	191.0000	0.0123	0.0034	135.0000	0.0417	0.0062	125.0000	0.0528	0.0076	Yiddish
bgx	0.3518	0.1627	6.6402	166.0000	0.0183	0.0050	136.0000	0.0406	0.0061	135.0000	0.0453	0.0065	Balkan Gagauz Turkish
gor	1.0166	0.1608	9.7947	122.0000	0.0529	0.0145	137.0000	0.0401	0.0060	115.0000	0.0669	0.0096	Gorontalo
hoj	1.0195	0.1540	5.5563	121.0000	0.0530	0.0145	138.0000	0.0384	0.0057	142.0000	0.0379	0.0055	Hadothi
kha	0.9947	0.1502	5.4208	123.0000	0.0517	0.0142	139.0000	0.0375	0.0056	144.0000	0.0370	0.0053	Khasi
nxq	0.3266	0.1496	3.8758	172.0000	0.0170	0.0047	140.0000	0.0373	0.0056	151.0000	0.0265	0.0038	Naxi
bg	0.3212	0.1486	6.0628	175.0000	0.0167	0.0046	141.0000	0.0371	0.0055	140.0000	0.0414	0.0059	Bulgarian
nij	0.9174	0.1451	8.8391	127.0000	0.0477	0.0131	142.0000	0.0362	0.0054	120.0000	0.0604	0.0087	Ngaju
prd	0.7515	0.1425	6.9268	137.0000	0.0391	0.0107	143.0000	0.0356	0.0053	131.0000	0.0473	0.0068	Parsi-Dari
kfr	0.9325	0.1408	5.0820	125.0000	0.0485	0.0133	144.0000	0.0351	0.0053	145.0000	0.0347	0.0050	Kachchi
krj	0.3802	0.1407	2.5080	161.0000	0.0198	0.0054	145.0000	0.0351	0.0053	171.0000	0.0171	0.0025	Kinaray-a
ady	0.2983	0.1380	5.6298	177.0000	0.0155	0.0042	146.0000	0.0344	0.0052	141.0000	0.0384	0.0055	Adyghe
kge	0.7935	0.1255	7.6446	134.0000	0.0413	0.0113	147.0000	0.0313	0.0047	127.0000	0.0522	0.0075	Komering
new	0.9171	0.1220	2.0592	128.0000	0.0477	0.0131	148.0000	0.0305	0.0046	177.0000	0.0141	0.0020	Newari
khb	0.2585	0.1184	3.0683	187.5000	0.0134	0.0037	149.5000	0.0296	0.0044	161.5000	0.0210	0.0030	Lü
tdd	0.2585	0.1184	3.0683	187.5000	0.0134	0.0037	149.5000	0.0296	0.0044	161.5000	0.0210	0.0030	Tai Nüa
jml	0.8893	0.1183	1.9968	130.0000	0.0463	0.0127	151.0000	0.0295	0.0044	178.0000	0.0136	0.0020	Jumli
dtp	0.1677	0.1123	3.8841	199.0000	0.0087	0.0024	152.0000	0.0280	0.0042	150.0000	0.0265	0.0038	Central Dusun
taj	0.8337	0.1109	1.8720	133.0000	0.0434	0.0119	153.0000	0.0277	0.0041	181.0000	0.0128	0.0018	Eastern Tamang
grt	0.7733	0.1069	3.9534	136.0000	0.0402	0.0110	154.0000	0.0267	0.0040	149.0000	0.0270	0.0039	Garo
haz	1.8026	0.1064	3.4674	98.0000	0.0938	0.0257	155.0000	0.0266	0.0040	155.0000	0.0237	0.0034	Hazaragi
aoz	0.6695	0.1059	6.4502	141.0000	0.0348	0.0095	156.0000	0.0264	0.0040	137.0000	0.0440	0.0063	Uab Meto
kdt	0.4091	0.1039	4.9835	157.0000	0.0213	0.0058	157.0000	0.0259	0.0039	146.0000	0.0340	0.0049	Kuy
bto	0.2730	0.1010	1.8006	185.0000	0.0142	0.0039	158.0000	0.0252	0.0038	183.0000	0.0123	0.0018	Rinconada Bikol
unx_Beng	0.5968	0.0901	3.2525	146.0000	0.0310	0.0085	159.0000	0.0225	0.0034	159.0000	0.0222	0.0032	unx (Bengali)
bfy	0.6101	0.0895	2.8441	144.0000	0.0317	0.0087	160.0000	0.0223	0.0033	165.0000	0.0194	0.0028	Bagheli
tr	0.2298	0.0878	1.1896	193.0000	0.0120	0.0033	161.0000	0.0219	0.0033	195.0000	0.0081	0.0012	Turkish
uz_Arab	1.4359	0.0847	2.7621	105.0000	0.0747	0.0204	162.0000	0.0211	0.0032	166.0000	0.0189	0.0027	Uzbek (Arabic)
pl	0.1181	0.0836	3.8627	206.0000	0.0061	0.0017	163.0000	0.0209	0.0031	152.0000	0.0264	0.0038	Polish
hnd	0.7486	0.0816	3.4238	139.0000	0.0389	0.0107	164.0000	0.0204	0.0030	156.0000	0.0234	0.0034	Southern Hindko
ccp	0.6926	0.0750	2.9885	140.0000	0.0360	0.0099	165.0000	0.0187	0.0028	163.0000	0.0204	0.0029	Chakma
thl	0.5558	0.0739	1.2480	150.0000	0.0289	0.0079	166.0000	0.0184	0.0028	193.0000	0.0085	0.0012	Dangaura Tharu
lad	0.1023	0.0724	3.3476	210.5000	0.0053	0.0015	167.0000	0.0181	0.0027	157.0000	0.0229	0.0033	Ladino
kiu	0.1453	0.0672	2.7427	201.0000	0.0076	0.0021	168.0000	0.0168	0.0025	168.0000	0.0187	0.0027	Kirmanjki
srx	0.4352	0.0657	2.3716	155.0000	0.0226	0.0062	169.5000	0.0164	0.0025	174.0000	0.0162	0.0023	Sirmauri
tg_Arab	0.6025	0.0657	2.7557	145.0000	0.0313	0.0086	169.5000	0.0164	0.0025	167.0000	0.0188	0.0027	Tajik (Arabic)
shn	3.3282	0.0582	15.1006	73.0000	0.1731	0.0474	171.0000	0.0145	0.0022	96.0000	0.1031	0.0148	Shan
hu	0.0787	0.0557	2.5751	218.0000	0.0041	0.0011	172.0000	0.0139	0.0021	170.0000	0.0176	0.0025	Hungarian
bap	0.4168	0.0554	0.9360	156.0000	0.0217	0.0059	173.0000	0.0138	0.0021	200.0000	0.0064	0.0009	Bantawa
kvr	0.3471	0.0549	3.3445	167.0000	0.0181	0.0049	174.0000	0.0137	0.0020	158.0000	0.0228	0.0033	Kerinci
saz	0.3606	0.0544	1.9650	164.0000	0.0188	0.0051	175.0000	0.0136	0.0020	179.0000	0.0134	0.0019	Saurashtra
lbw	0.3223	0.0510	3.1056	174.0000	0.0168	0.0046	176.0000	0.0127	0.0019	160.0000	0.0212	0.0030	Tolaki
ku_Arab	0.0715	0.0504	1.2384	220.0000	0.0037	0.0010	177.0000	0.0126	0.0019	194.0000	0.0085	0.0012	Kurdish (Arabic)
uz_Latn	0.5152	0.0501	6.6381	151.0000	0.0268	0.0073	178.0000	0.0125	0.0019	136.0000	0.0453	0.0065	Uzbek (Latin)
kjg	0.3927	0.0491	1.8320	160.0000	0.0204	0.0056	179.0000	0.0123	0.0018	182.0000	0.0125	0.0018	Khmu
sd_Deva	0.3233	0.0488	1.7618	173.0000	0.0168	0.0046	180.0000	0.0122	0.0018	184.0000	0.0120	0.0017	Sindhi (Devanagari)
tdg	0.3613	0.0480	0.8112	163.0000	0.0188	0.0051	181.0000	0.0120	0.0018	205.0000	0.0055	0.0008	Western Tamang
bft	0.4058	0.0474	1.9232	158.0000	0.0211	0.0058	182.0000	0.0118	0.0018	180.0000	0.0131	0.0019	Balti
gay	0.2975	0.0471	2.8667	178.0000	0.0155	0.0042	183.0000	0.0118	0.0018	164.0000	0.0196	0.0028	Gayo
lif_Deva	0.3380	0.0456	0.8626	169.0000	0.0176	0.0048	184.0000	0.0114	0.0017	203.0000	0.0059	0.0008	lif (Devanagari)
thr	0.3335	0.0444	0.7488	170.0000	0.0173	0.0047	185.0000	0.0111	0.0017	207.0000	0.0051	0.0007	Rana Tharu
ab	0.1023	0.0442	0.7766	210.5000	0.0053	0.0015	186.0000	0.0110	0.0016	206.0000	0.0053	0.0008	Abkhazian
bfq	0.2860	0.0432	1.5585	181.5000	0.0149	0.0041	187.5000	0.0108	0.0016	187.5000	0.0106	0.0015	Badaga
njo	0.2860	0.0432	1.5585	181.5000	0.0149	0.0041	187.5000	0.0108	0.0016	187.5000	0.0106	0.0015	Ao Naga
rob	0.2727	0.0431	2.6278	186.0000	0.0142	0.0039	189.0000	0.0108	0.0016	169.0000	0.0179	0.0026	Tae'
mnw	0.8807	0.0428	4.9619	131.0000	0.0458	0.0125	190.0000	0.0107	0.0016	147.0000	0.0339	0.0049	Mon
os	0.0986	0.0425	0.7059	212.0000	0.0051	0.0014	191.0000	0.0106	0.0016	209.0000	0.0048	0.0007	Ossetic
mgp	0.3057	0.0407	0.6864	176.0000	0.0159	0.0044	192.0000	0.0102	0.0015	210.0000	0.0047	0.0007	Eastern Magar
gju	0.3652	0.0398	1.6702	162.0000	0.0190	0.0052	193.0000	0.0099	0.0015	186.0000	0.0114	0.0016	Gujari
lcp	0.0857	0.0381	1.0331	214.0000	0.0045	0.0012	194.0000	0.0095	0.0014	198.0000	0.0071	0.0010	Western Lawa
thq	0.2779	0.0370	0.6240	183.0000	0.0145	0.0040	195.5000	0.0092	0.0014	211.0000	0.0043	0.0006	Kochila Tharu
ka	0.0975	0.0370	1.6919	213.0000	0.0051	0.0014	195.5000	0.0092	0.0014	185.0000	0.0116	0.0017	Georgian
sxn	0.2281	0.0361	2.1978	194.5000	0.0119	0.0032	197.5000	0.0090	0.0013	175.5000	0.0150	0.0022	Sangir
mdr	0.2281	0.0361	2.1978	194.5000	0.0119	0.0032	197.5000	0.0090	0.0013	175.5000	0.0150	0.0022	Mandar
cjm	0.0798	0.0350	0.4227	217.0000	0.0042	0.0011	199.0000	0.0087	0.0013	216.0000	0.0029	0.0004	Eastern Cham
tsj	0.1131	0.0338	0.8139	209.0000	0.0059	0.0016	200.0000	0.0084	0.0013	204.0000	0.0056	0.0008	Tshangla
am	0.0464	0.0329	1.5193	225.0000	0.0024	0.0007	201.0000	0.0082	0.0012	189.0000	0.0104	0.0015	Amharic
kvx	0.2921	0.0318	1.3361	179.0000	0.0152	0.0042	202.0000	0.0079	0.0012	190.0000	0.0091	0.0013	Parkari Koli
mrd	0.2307	0.0307	0.5179	192.0000	0.0120	0.0033	203.0000	0.0077	0.0011	213.0000	0.0035	0.0005	Western Magar
khw	0.2739	0.0299	1.2526	184.0000	0.0142	0.0039	204.0000	0.0075	0.0011	192.0000	0.0086	0.0012	Khowar
mvy	0.2556	0.0279	1.1691	189.0000	0.0133	0.0036	205.0000	0.0070	0.0010	196.0000	0.0080	0.0011	Indus Kohistani
ria	0.1616	0.0244	0.8809	200.0000	0.0084	0.0023	206.0000	0.0061	0.0009	202.0000	0.0060	0.0009	Riang (India)
kxp	0.2191	0.0239	1.0021	196.0000	0.0114	0.0031	207.0000	0.0060	0.0009	199.0000	0.0068	0.0010	Wadiyara Koli
gjk	0.2008	0.0219	0.9186	197.0000	0.0104	0.0029	208.0000	0.0055	0.0008	201.0000	0.0063	0.0009	Kachi Koli
my	0.3288	0.0214	1.0416	171.0000	0.0171	0.0047	209.0000	0.0053	0.0008	197.0000	0.0071	0.0010	Burmese
sly	0.1339	0.0212	1.2900	203.0000	0.0070	0.0019	210.0000	0.0053	0.0008	191.0000	0.0088	0.0013	Selayar
xsr	0.1445	0.0192	0.3245	202.0000	0.0075	0.0021	211.0000	0.0048	0.0007	222.0000	0.0022	0.0003	Sherpa
rjs	0.1223	0.0163	0.2746	204.0000	0.0064	0.0017	212.0000	0.0041	0.0006	226.0000	0.0019	0.0003	Rajbanshi
syr	0.1739	0.0160	2.4981	198.0000	0.0090	0.0025	213.0000	0.0040	0.0006	173.0000	0.0171	0.0025	Syriac
tsf	0.1195	0.0159	0.2683	205.0000	0.0062	0.0017	214.0000	0.0040	0.0006	227.0000	0.0018	0.0003	Southwestern Tamang
lep	0.0754	0.0157	0.4545	219.0000	0.0039	0.0011	215.0000	0.0039	0.0006	215.0000	0.0031	0.0004	Lepcha
hi	0.1167	0.0155	0.2621	207.5000	0.0061	0.0017	216.5000	0.0039	0.0006	228.5000	0.0018	0.0003	Hindi
ggn	0.1167	0.0155	0.2621	207.5000	0.0061	0.0017	216.5000	0.0039	0.0006	228.5000	0.0018	0.0003	Eastern Gurung
cja	0.2414	0.0145	0.7378	190.0000	0.0126	0.0034	218.0000	0.0036	0.0005	208.0000	0.0050	0.0007	Western Cham
bpy	0.0845	0.0128	0.4608	215.0000	0.0044	0.0012	219.0000	0.0032	0.0005	214.0000	0.0031	0.0005	Bishnupriya
ttt_Latn	0.0205	0.0120	0.3487	229.0000	0.0011	0.0003	220.0000	0.0030	0.0004	219.0000	0.0024	0.0003	Muslim Tat (Latin)
fr	0.0165	0.0117	0.2864	230.0000	0.0009	0.0002	221.0000	0.0029	0.0004	224.0000	0.0020	0.0003	French
gvr	0.0806	0.0107	0.1810	216.0000	0.0042	0.0011	222.0000	0.0027	0.0004	232.0000	0.0012	0.0002	Western Gurung
kac	0.8666	0.0104	3.7651	132.0000	0.0451	0.0123	223.0000	0.0026	0.0004	153.0000	0.0257	0.0037	Kachin
sr_Latn	0.0214	0.0099	0.4042	227.5000	0.0011	0.0003	224.5000	0.0025	0.0004	217.5000	0.0028	0.0004	Serbian (Latin)
lzz_Latn	0.0214	0.0099	0.4042	227.5000	0.0011	0.0003	224.5000	0.0025	0.0004	217.5000	0.0028	0.0004	Laz (Latin)
mwv	0.0595	0.0094	0.5733	223.0000	0.0031	0.0008	226.0000	0.0023	0.0004	212.0000	0.0039	0.0006	Mentawai
tkt	0.0667	0.0089	0.1498	222.0000	0.0035	0.0009	227.0000	0.0022	0.0003	233.0000	0.0010	0.0001	Kathoriya Tharu
tkr_Latn	0.0149	0.0087	0.2536	233.5000	0.0008	0.0002	228.5000	0.0022	0.0003	230.0000	0.0017	0.0002	Tsakhur (Latin)
btv	0.0670	0.0087	0.3349	221.0000	0.0035	0.0010	228.5000	0.0022	0.0003	220.0000	0.0023	0.0003	Bateri
bra	0.0510	0.0077	0.2778	224.0000	0.0027	0.0007	230.0000	0.0019	0.0003	225.0000	0.0019	0.0003	Braj
sq	0.0161	0.0074	0.3031	231.0000	0.0008	0.0002	231.0000	0.0018	0.0003	223.0000	0.0021	0.0003	Albanian
ti	0.0102	0.0072	0.3348	236.0000	0.0005	0.0001	232.0000	0.0018	0.0003	221.0000	0.0023	0.0003	Tigrinya
hnn	0.0156	0.0058	0.1029	232.0000	0.0008	0.0002	233.0000	0.0014	0.0002	235.0000	0.0007	0.0001	Hanunoo
tdh	0.0333	0.0044	0.0749	226.0000	0.0017	0.0005	234.0000	0.0011	0.0002	239.0000	0.0005	0.0001	Thulung
trv	0.0047	0.0037	0.1942	245.0000	0.0002	0.0001	235.0000	0.0009	0.0001	231.0000	0.0013	0.0002	Taroko
tbw	0.0091	0.0034	0.0598	237.0000	0.0005	0.0001	236.0000	0.0008	0.0001	243.0000	0.0004	0.0001	Tagbanwa
vi	0.0068	0.0031	0.0807	240.5000	0.0004	0.0001	237.0000	0.0008	0.0001	238.0000	0.0006	0.0001	Vietnamese
bku	0.0072	0.0027	0.0476	239.0000	0.0004	0.0001	238.0000	0.0007	0.0001	245.0000	0.0003	0.0000	Buhid
uz_Cyrl	0.0054	0.0025	0.0646	242.0000	0.0003	0.0001	239.0000	0.0006	0.0001	241.0000	0.0004	0.0001	Uzbek (Cyrillic)
gbz	0.0076	0.0024	0.1232	238.0000	0.0004	0.0001	240.0000	0.0006	0.0001	234.0000	0.0008	0.0001	Zoroastrian Dari
sa	0.0149	0.0023	0.0813	233.5000	0.0008	0.0002	241.0000	0.0006	0.0001	237.0000	0.0006	0.0001	Sanskrit
lwl	0.0068	0.0020	0.0965	240.5000	0.0004	0.0001	242.0000	0.0005	0.0001	236.0000	0.0007	0.0001	Eastern Lawa
el	0.0037	0.0017	0.0707	246.0000	0.0002	0.0001	243.0000	0.0004	0.0001	240.0000	0.0005	0.0001	Greek
kht	0.0126	0.0013	0.0642	235.0000	0.0007	0.0002	244.5000	0.0003	0.0000	242.0000	0.0004	0.0001	Khamti
tru	0.0028	0.0013	0.0534	247.0000	0.0001	0.0000	244.5000	0.0003	0.0000	244.0000	0.0004	0.0001	Turoyo
dv	0.0050	0.0008	0.0271	243.5000	0.0003	0.0001	246.0000	0.0002	0.0000	246.0000	0.0002	0.0000	Divehi
unr_Deva	0.0050	0.0007	0.0112	243.5000	0.0003	0.0001	247.0000	0.0002	0.0000	249.0000	0.0001	0.0000	unr (Devanagari)
ky_Latn	0.0011	0.0005	0.0202	249.0000	0.0001	0.0000	248.0000	0.0001	0.0000	247.0000	0.0001	0.0000	Kyrgyz (Latin)
dz	0.0025	0.0004	0.0136	248.0000	0.0001	0.0000	249.0000	0.0001	0.0000	248.0000	0.0001	0.0000	Dzongkha
kk_Cyrl	0.0005	0.0002	0.0101	250.0000	0.0000	0.0000	250.0000	0.0000	0.0000	250.0000	0.0001	0.0000	Kazakh (Cyrillic)
lzh	0.0000	0.0000	0.0000	251.0000	0.0000	0.0000	251.0000	0.0000	0.0000	251.0000	0.0000	0.0000	Literary Chinese
